REPORTE NAV: FIR_EZE_PENDIENTES		-		FECHA,2023-03-29
Id, Aeropuerto, Sistema, Mes, Archivos, Año
1,AEP,ILS,2,Falta entregar: LH-DME ILS PARAMETROS-ILS PARAMETROS,2022
2,AEP,ILS,3,Falta entregar: LH-DME ILS PARAMETROS-ILS PARAMETROS,2022
3,AEP,ILS,4,Falta entregar: LH-DME ILS PARAMETROS-ILS PARAMETROS,2022
4,AEP,ILS,5,Falta entregar: LH-DME ILS PARAMETROS-ILS PARAMETROS,2022
5,AEP,ILS,6,Falta entregar: LH-DME ILS PARAMETROS-ILS PARAMETROS,2022
6,AEP,ILS,7,Falta entregar: LH-DME ILS PARAMETROS-ILS PARAMETROS,2022
7,AEP,ILS,10,Falta entregar: LH-DME ILS PARAMETROS-ILS PARAMETROS,2022
8,AEP,ILS,11,Falta entregar: LH-DME ILS PARAMETROS-ILS PARAMETROS,2022
9,AEP,ILS,12,Falta entregar: LH-DME ILS PARAMETROS-ILS PARAMETROS,2022
10,BAR,ILS,3,Falta entregar: LH-DME ILS PARAMETROS-ILS PARAMETROS,2022
11,BAR,ILS,4,Falta entregar: LH-DME ILS PARAMETROS-ILS PARAMETROS,2022
12,BAR,ILS,5,Falta entregar: LH-DME ILS PARAMETROS-ILS PARAMETROS,2022
13,BAR,ILS,6,Falta entregar: LH-DME ILS PARAMETROS-ILS PARAMETROS,2022
14,BAR,ILS,7,Falta entregar: LH-DME ILS PARAMETROS-ILS PARAMETROS,2022
15,BAR,ILS,8,Falta entregar: LH-DME ILS PARAMETROS-ILS PARAMETROS,2022
16,BAR,ILS,9,Falta entregar: LH-DME ILS PARAMETROS-ILS PARAMETROS,2022
17,BAR,ILS,10,Falta entregar: LH-DME ILS PARAMETROS-ILS PARAMETROS,2022
18,BAR,ILS,11,Falta entregar: LH-DME ILS PARAMETROS-ILS PARAMETROS,2022
19,BAR,ILS,12,Falta entregar: LH-DME ILS PARAMETROS-ILS PARAMETROS,2022
20,BAR,VOR,1,Falta entregar: VOR PARAMETROS I-DME VOR PARAMETROS,2022
21,BAR,VOR,2,Falta entregar: LH-VOR PARAMETROS I-DME VOR PARAMETROS,2022
22,BAR,VOR,3,Falta entregar: LH-VOR PARAMETROS I-DME VOR PARAMETROS,2022
23,BAR,VOR,4,Falta entregar: LH-VOR PARAMETROS I-DME VOR PARAMETROS,2022
24,BAR,VOR,5,Falta entregar: LH-VOR PARAMETROS I-DME VOR PARAMETROS,2022
25,BAR,VOR,6,Falta entregar: LH-VOR PARAMETROS I-DME VOR PARAMETROS,2022
26,BAR,VOR,7,Falta entregar: LH-VOR PARAMETROS I-DME VOR PARAMETROS,2022
27,BAR,VOR,8,Falta entregar: LH-VOR PARAMETROS I-DME VOR PARAMETROS,2022
28,BAR,VOR,9,Falta entregar: LH-VOR PARAMETROS I-DME VOR PARAMETROS,2022
29,BAR,VOR,10,Falta entregar: LH-VOR PARAMETROS I-DME VOR PARAMETROS,2022
30,BAR,VOR,11,Falta entregar: LH-VOR PARAMETROS I-DME VOR PARAMETROS,2022
31,BAR,VOR,12,Falta entregar: LH-VOR PARAMETROS I-DME VOR PARAMETROS,2022
32,BAR,VOR,1-12,Falta entregar: 4 FOLIO/S VOR PARAMETROS II (trimestrales),2022
33,BCA,ILS,1,Falta entregar: DME ILS PARAMETROS,2022
34,BCA,ILS,2,Falta entregar: LH-DME ILS PARAMETROS-ILS PARAMETROS,2022
35,BCA,ILS,3,Falta entregar: LH-DME ILS PARAMETROS-ILS PARAMETROS,2022
36,BCA,ILS,5,Falta entregar: LH-DME ILS PARAMETROS-ILS PARAMETROS,2022
37,BCA,ILS,7,Falta entregar: LH-DME ILS PARAMETROS-ILS PARAMETROS,2022
38,BCA,ILS,8,Falta entregar: LH-DME ILS PARAMETROS-ILS PARAMETROS,2022
39,BCA,ILS,9,Falta entregar: LH-DME ILS PARAMETROS-ILS PARAMETROS,2022
40,BCA,ILS,10,Falta entregar: LH-DME ILS PARAMETROS-ILS PARAMETROS,2022
41,BCA,ILS,11,Falta entregar: LH-DME ILS PARAMETROS-ILS PARAMETROS,2022
42,BCA,ILS,12,Falta entregar: LH-DME ILS PARAMETROS-ILS PARAMETROS,2022
43,BCA,VOR,8,Falta entregar: LH-VOR PARAMETROS I-DME VOR PARAMETROS,2022
44,BCA,VOR,9,Falta entregar: LH-VOR PARAMETROS I-DME VOR PARAMETROS,2022
45,BCA,VOR,10,Falta entregar: LH-VOR PARAMETROS I-DME VOR PARAMETROS,2022
46,BCA,VOR,11,Falta entregar: LH-VOR PARAMETROS I-DME VOR PARAMETROS,2022
47,BCA,VOR,12,Falta entregar: LH-VOR PARAMETROS I-DME VOR PARAMETROS,2022
48,BCA,VOR,1-12,Falta entregar: 2 FOLIO/S VOR PARAMETROS II (trimestrales),2022
49,CHP,VOR,1,Falta entregar: LH-VOR PARAMETROS I-DME VOR PARAMETROS,2022
50,CHP,VOR,2,Falta entregar: LH-VOR PARAMETROS I-DME VOR PARAMETROS,2022
51,CHP,VOR,3,Falta entregar: LH-VOR PARAMETROS I-DME VOR PARAMETROS,2022
52,CHP,VOR,4,Falta entregar: LH-VOR PARAMETROS I-DME VOR PARAMETROS,2022
53,CHP,VOR,5,Falta entregar: LH-VOR PARAMETROS I-DME VOR PARAMETROS,2022
54,CHP,VOR,6,Falta entregar: LH-VOR PARAMETROS I-DME VOR PARAMETROS,2022
55,CHP,VOR,7,Falta entregar: LH-VOR PARAMETROS I-DME VOR PARAMETROS,2022
56,CHP,VOR,8,Falta entregar: LH-VOR PARAMETROS I-DME VOR PARAMETROS,2022
57,CHP,VOR,9,Falta entregar: LH-VOR PARAMETROS I-DME VOR PARAMETROS,2022
58,CHP,VOR,10,Falta entregar: LH-VOR PARAMETROS I-DME VOR PARAMETROS,2022
59,CHP,VOR,11,Falta entregar: LH-VOR PARAMETROS I-DME VOR PARAMETROS,2022
60,CHP,VOR,12,Falta entregar: LH-VOR PARAMETROS I-DME VOR PARAMETROS,2022
61,CHP,VOR,1-12,Falta entregar: 4 FOLIO/S VOR PARAMETROS II (trimestrales),2022
62,DIL,ILS,7,Falta entregar: LH,2022
63,DIL,ILS,8,Falta entregar: LH,2022
64,DIL,ILS,9,Falta entregar: LH,2022
65,DIL,ILS,10,Falta entregar: LH,2022
66,DIL,ILS,11,Falta entregar: LH,2022
67,DIL,ILS,12,Falta entregar: LH,2022
68,DIL,VOR,8,Falta entregar: LH-VOR PARAMETROS I-DME VOR PARAMETROS,2022
69,DIL,VOR,9,Falta entregar: LH-VOR PARAMETROS I-DME VOR PARAMETROS,2022
70,DIL,VOR,10,Falta entregar: LH-VOR PARAMETROS I-DME VOR PARAMETROS,2022
71,DIL,VOR,11,Falta entregar: LH-VOR PARAMETROS I-DME VOR PARAMETROS,2022
72,DIL,VOR,12,Falta entregar: LH-VOR PARAMETROS I-DME VOR PARAMETROS,2022
73,DIL,VOR,1-12,Falta entregar: 2 FOLIO/S VOR PARAMETROS II (trimestrales),2022
74,EZE RWY 11 29,ILS,7,Falta entregar: LH-DME ILS PARAMETROS-ILS PARAMETROS,2022
75,EZE RWY 11 29,ILS,9,Falta entregar: LH-DME ILS PARAMETROS-ILS PARAMETROS,2022
76,EZE RWY 11 29,ILS,10,Falta entregar: LH-DME ILS PARAMETROS-ILS PARAMETROS,2022
77,EZE RWY 11 29,ILS,11,Falta entregar: LH-DME ILS PARAMETROS-ILS PARAMETROS,2022
78,EZE RWY 11 29,ILS,12,Falta entregar: LH-DME ILS PARAMETROS-ILS PARAMETROS,2022
79,EZE RWY 11 29,LI,1,Falta entregar: LH-LI PARAMETROS,2022
80,EZE RWY 11 29,LI,2,Falta entregar: LH-LI PARAMETROS,2022
81,EZE RWY 11 29,LI,3,Falta entregar: LH-LI PARAMETROS,2022
82,EZE RWY 11 29,LI,4,Falta entregar: LH-LI PARAMETROS,2022
83,EZE RWY 11 29,LI,5,Falta entregar: LH-LI PARAMETROS,2022
84,EZE RWY 11 29,LI,6,Falta entregar: LH-LI PARAMETROS,2022
85,EZE RWY 11 29,LI,7,Falta entregar: LH-LI PARAMETROS,2022
86,EZE RWY 11 29,LI,8,Falta entregar: LH-LI PARAMETROS,2022
87,EZE RWY 11 29,LI,9,Falta entregar: LH-LI PARAMETROS,2022
88,EZE RWY 11 29,LI,10,Falta entregar: LH-LI PARAMETROS,2022
89,EZE RWY 11 29,LI,11,Falta entregar: LH-LI PARAMETROS,2022
90,EZE RWY 11 29,LI,12,Falta entregar: LH-LI PARAMETROS,2022
91,EZE RWY 17 35,ILS,7,Falta entregar: LH-DME ILS PARAMETROS-ILS PARAMETROS,2022
92,EZE RWY 17 35,ILS,9,Falta entregar: LH-DME ILS PARAMETROS-ILS PARAMETROS,2022
93,EZE RWY 17 35,ILS,10,Falta entregar: LH-DME ILS PARAMETROS-ILS PARAMETROS,2022
94,EZE RWY 17 35,ILS,11,Falta entregar: LH-DME ILS PARAMETROS-ILS PARAMETROS,2022
95,EZE RWY 17 35,ILS,12,Falta entregar: LH-DME ILS PARAMETROS-ILS PARAMETROS,2022
96,EZE VOR,VOR,1,Falta entregar: LH-VOR PARAMETROS I-DME VOR PARAMETROS,2022
97,EZE VOR,VOR,2,Falta entregar: LH-VOR PARAMETROS I-DME VOR PARAMETROS,2022
98,EZE VOR,VOR,3,Falta entregar: LH-VOR PARAMETROS I-DME VOR PARAMETROS,2022
99,EZE VOR,VOR,4,Falta entregar: LH-VOR PARAMETROS I-DME VOR PARAMETROS,2022
100,EZE VOR,VOR,5,Falta entregar: LH-VOR PARAMETROS I-DME VOR PARAMETROS,2022
101,EZE VOR,VOR,6,Falta entregar: LH-VOR PARAMETROS I-DME VOR PARAMETROS,2022
102,EZE VOR,VOR,7,Falta entregar: LH-VOR PARAMETROS I-DME VOR PARAMETROS,2022
103,EZE VOR,VOR,8,Falta entregar: LH-VOR PARAMETROS I-DME VOR PARAMETROS,2022
104,EZE VOR,VOR,9,Falta entregar: LH-VOR PARAMETROS I-DME VOR PARAMETROS,2022
105,EZE VOR,VOR,10,Falta entregar: LH-VOR PARAMETROS I-DME VOR PARAMETROS,2022
106,EZE VOR,VOR,11,Falta entregar: LH-VOR PARAMETROS I-DME VOR PARAMETROS,2022
107,EZE VOR,VOR,12,Falta entregar: LH-VOR PARAMETROS I-DME VOR PARAMETROS,2022
108,EZE VOR,VOR,1-12,Falta entregar: 4 FOLIO/S VOR PARAMETROS II (trimestrales),2022
109,FDO,ILS,1,Falta entregar: LH-DME ILS PARAMETROS-ILS PARAMETROS,2022
110,FDO,ILS,2,Falta entregar: LH-DME ILS PARAMETROS-ILS PARAMETROS,2022
111,FDO,ILS,3,Falta entregar: LH-DME ILS PARAMETROS-ILS PARAMETROS,2022
112,FDO,ILS,4,Falta entregar: LH-DME ILS PARAMETROS-ILS PARAMETROS,2022
113,FDO,ILS,5,Falta entregar: LH-DME ILS PARAMETROS-ILS PARAMETROS,2022
114,FDO,ILS,6,Falta entregar: LH-DME ILS PARAMETROS-ILS PARAMETROS,2022
115,FDO,ILS,7,Falta entregar: LH-DME ILS PARAMETROS-ILS PARAMETROS,2022
116,FDO,ILS,8,Falta entregar: LH-DME ILS PARAMETROS-ILS PARAMETROS,2022
117,FDO,ILS,9,Falta entregar: LH-DME ILS PARAMETROS-ILS PARAMETROS,2022
118,FDO,ILS,10,Falta entregar: LH-DME ILS PARAMETROS-ILS PARAMETROS,2022
119,FDO,ILS,11,Falta entregar: LH-DME ILS PARAMETROS-ILS PARAMETROS,2022
120,FDO,ILS,12,Falta entregar: LH-DME ILS PARAMETROS-ILS PARAMETROS,2022
121,FDO,VOR,1,Falta entregar: LH-VOR PARAMETROS I-DME VOR PARAMETROS,2022
122,FDO,VOR,2,Falta entregar: LH-VOR PARAMETROS I-DME VOR PARAMETROS,2022
123,FDO,VOR,3,Falta entregar: LH-VOR PARAMETROS I-DME VOR PARAMETROS,2022
124,FDO,VOR,4,Falta entregar: LH-VOR PARAMETROS I-DME VOR PARAMETROS,2022
125,FDO,VOR,5,Falta entregar: LH-VOR PARAMETROS I-DME VOR PARAMETROS,2022
126,FDO,VOR,6,Falta entregar: LH-VOR PARAMETROS I-DME VOR PARAMETROS,2022
127,FDO,VOR,7,Falta entregar: LH-VOR PARAMETROS I-DME VOR PARAMETROS,2022
128,FDO,VOR,8,Falta entregar: LH-VOR PARAMETROS I-DME VOR PARAMETROS,2022
129,FDO,VOR,9,Falta entregar: LH-VOR PARAMETROS I-DME VOR PARAMETROS,2022
130,FDO,VOR,10,Falta entregar: LH-VOR PARAMETROS I-DME VOR PARAMETROS,2022
131,FDO,VOR,11,Falta entregar: LH-VOR PARAMETROS I-DME VOR PARAMETROS,2022
132,FDO,VOR,12,Falta entregar: LH-VOR PARAMETROS I-DME VOR PARAMETROS,2022
133,FDO,VOR,1-12,Falta entregar: 4 FOLIO/S VOR PARAMETROS II (trimestrales),2022
134,GBE,VOR,8,Falta entregar: LH-VOR PARAMETROS I,2022
135,GBE,VOR,9,Falta entregar: LH-VOR PARAMETROS I,2022
136,GBE,VOR,10,Falta entregar: LH-VOR PARAMETROS I,2022
137,GBE,VOR,11,Falta entregar: LH-VOR PARAMETROS I,2022
138,GBE,VOR,12,Falta entregar: LH-VOR PARAMETROS I,2022
139,GBE,VOR,1-12,Falta entregar: 2 FOLIO/S VOR PARAMETROS II (trimestrales),2022
140,GPI,LI,1,Falta entregar: LH-LI PARAMETROS,2022
141,GPI,LI,2,Falta entregar: LH-LI PARAMETROS,2022
142,GPI,LI,5,Falta entregar: LH-LI PARAMETROS,2022
143,GPI,LI,6,Falta entregar: LH-LI PARAMETROS,2022
144,GPI,LI,7,Falta entregar: LI PARAMETROS,2022
145,GPI,LI,8,Falta entregar: LH-LI PARAMETROS,2022
146,GPI,LI,10,Falta entregar: LH-LI PARAMETROS,2022
147,GPI,LI,11,Falta entregar: LH-LI PARAMETROS,2022
148,GPI,LI,12,Falta entregar: LH-LI PARAMETROS,2022
149,GPI,VOR,9,Falta entregar: VOR PARAMETROS I,2022
150,GPI,VOR,10,Falta entregar: LH-VOR PARAMETROS I,2022
151,GPI,VOR,11,Falta entregar: LH-VOR PARAMETROS I,2022
152,GPI,VOR,12,Falta entregar: LH-VOR PARAMETROS I,2022
153,GPI,VOR,1-12,Falta entregar: 2 FOLIO/S VOR PARAMETROS II (trimestrales),2022
154,GUA,VOR,1,Falta entregar: LH-VOR PARAMETROS I-DME VOR PARAMETROS,2022
155,GUA,VOR,2,Falta entregar: LH-VOR PARAMETROS I-DME VOR PARAMETROS,2022
156,GUA,VOR,3,Falta entregar: LH-VOR PARAMETROS I-DME VOR PARAMETROS,2022
157,GUA,VOR,4,Falta entregar: LH-VOR PARAMETROS I-DME VOR PARAMETROS,2022
158,GUA,VOR,5,Falta entregar: LH-VOR PARAMETROS I-DME VOR PARAMETROS,2022
159,GUA,VOR,6,Falta entregar: LH-VOR PARAMETROS I-DME VOR PARAMETROS,2022
160,GUA,VOR,7,Falta entregar: LH-VOR PARAMETROS I-DME VOR PARAMETROS,2022
161,GUA,VOR,8,Falta entregar: LH-VOR PARAMETROS I-DME VOR PARAMETROS,2022
162,GUA,VOR,9,Falta entregar: LH-VOR PARAMETROS I-DME VOR PARAMETROS,2022
163,GUA,VOR,10,Falta entregar: LH-VOR PARAMETROS I-DME VOR PARAMETROS,2022
164,GUA,VOR,11,Falta entregar: LH-VOR PARAMETROS I-DME VOR PARAMETROS,2022
165,GUA,VOR,12,Falta entregar: LH-VOR PARAMETROS I-DME VOR PARAMETROS,2022
166,GUA,VOR,1-12,Falta entregar: 4 FOLIO/S VOR PARAMETROS II (trimestrales),2022
167,LYE,VOR,7,Falta entregar: LH-VOR PARAMETROS I,2022
168,LYE,VOR,8,Falta entregar: LH-VOR PARAMETROS I,2022
169,LYE,VOR,9,Falta entregar: LH-VOR PARAMETROS I,2022
170,LYE,VOR,10,Falta entregar: LH-VOR PARAMETROS I,2022
171,LYE,VOR,11,Falta entregar: LH-VOR PARAMETROS I,2022
172,LYE,VOR,12,Falta entregar: LH-VOR PARAMETROS I,2022
173,LYE,VOR,1-12,Falta entregar: 2 FOLIO/S VOR PARAMETROS II (trimestrales),2022
174,MDP,ILS,1,Falta entregar: LH-DME ILS PARAMETROS-ILS PARAMETROS,2022
175,MDP,ILS,2,Falta entregar: LH-DME ILS PARAMETROS-ILS PARAMETROS,2022
176,MDP,ILS,3,Falta entregar: LH-DME ILS PARAMETROS-ILS PARAMETROS,2022
177,MDP,ILS,5,Falta entregar: LH-DME ILS PARAMETROS-ILS PARAMETROS,2022
178,MDP,ILS,6,Falta entregar: LH-DME ILS PARAMETROS-ILS PARAMETROS,2022
179,MDP,ILS,7,Falta entregar: LH-DME ILS PARAMETROS-ILS PARAMETROS,2022
180,MDP,ILS,8,Falta entregar: LH-DME ILS PARAMETROS-ILS PARAMETROS,2022
181,MDP,ILS,9,Falta entregar: LH-DME ILS PARAMETROS-ILS PARAMETROS,2022
182,MDP,ILS,10,Falta entregar: LH-DME ILS PARAMETROS-ILS PARAMETROS,2022
183,MDP,ILS,11,Falta entregar: LH-DME ILS PARAMETROS-ILS PARAMETROS,2022
184,MDP,ILS,12,Falta entregar: LH-DME ILS PARAMETROS-ILS PARAMETROS,2022
185,MDP,VOR,1,Falta entregar: VOR PARAMETROS I-DME VOR PARAMETROS,2022
186,MDP,VOR,2,Falta entregar: LH-VOR PARAMETROS I-DME VOR PARAMETROS,2022
187,MDP,VOR,3,Falta entregar: LH-VOR PARAMETROS I-DME VOR PARAMETROS,2022
188,MDP,VOR,4,Falta entregar: VOR PARAMETROS I-DME VOR PARAMETROS,2022
189,MDP,VOR,5,Falta entregar: LH-VOR PARAMETROS I-DME VOR PARAMETROS,2022
190,MDP,VOR,6,Falta entregar: LH-VOR PARAMETROS I-DME VOR PARAMETROS,2022
191,MDP,VOR,7,Falta entregar: LH-VOR PARAMETROS I-DME VOR PARAMETROS,2022
192,MDP,VOR,8,Falta entregar: LH-VOR PARAMETROS I-DME VOR PARAMETROS,2022
193,MDP,VOR,9,Falta entregar: LH-VOR PARAMETROS I-DME VOR PARAMETROS,2022
194,MDP,VOR,10,Falta entregar: LH-VOR PARAMETROS I-DME VOR PARAMETROS,2022
195,MDP,VOR,11,Falta entregar: LH-VOR PARAMETROS I-DME VOR PARAMETROS,2022
196,MDP,VOR,12,Falta entregar: LH-VOR PARAMETROS I-DME VOR PARAMETROS,2022
197,MDP,VOR,1-12,Falta entregar: 4 FOLIO/S VOR PARAMETROS II (trimestrales),2022
198,NEU,ILS,7,Falta entregar: DME ILS PARAMETROS-ILS PARAMETROS,2022
199,NEU,ILS,8,Falta entregar: LH-DME ILS PARAMETROS-ILS PARAMETROS,2022
200,NEU,VOR,8,Falta entregar: LH-VOR PARAMETROS I-DME VOR PARAMETROS,2022
201,NIN,VOR,1,Falta entregar: LH-VOR PARAMETROS I,2022
202,NIN,VOR,2,Falta entregar: LH-VOR PARAMETROS I,2022
203,NIN,VOR,5,Falta entregar: LH-VOR PARAMETROS I,2022
204,NIN,VOR,6,Falta entregar: LH-VOR PARAMETROS I,2022
205,NIN,VOR,8,Falta entregar: LH-VOR PARAMETROS I,2022
206,NIN,VOR,9,Falta entregar: LH-VOR PARAMETROS I,2022
207,NIN,VOR,10,Falta entregar: LH-VOR PARAMETROS I,2022
208,NIN,VOR,11,Falta entregar: LH-VOR PARAMETROS I,2022
209,NIN,VOR,12,Falta entregar: LH-VOR PARAMETROS I,2022
210,NIN,VOR,1-12,Falta entregar: 2 FOLIO/S VOR PARAMETROS II (trimestrales),2022
211,OEL,VOR,7,Falta entregar: DME VOR PARAMETROS,2022
212,OEL,VOR,8,Falta entregar: LH-VOR PARAMETROS I-DME VOR PARAMETROS,2022
213,OEL,VOR,10,Falta entregar: VOR PARAMETROS I,2022
214,OEL,VOR,12,Falta entregar: VOR PARAMETROS I-DME VOR PARAMETROS,2022
215,OEL,VOR,1-12,Falta entregar: 1 FOLIO/S VOR PARAMETROS II (trimestrales),2022
216,OSA,ILS,4,Falta entregar: DME ILS PARAMETROS-ILS PARAMETROS,2022
217,OSA,ILS,5,Falta entregar: LH-DME ILS PARAMETROS-ILS PARAMETROS,2022
218,OSA,ILS,6,Falta entregar: LH-DME ILS PARAMETROS-ILS PARAMETROS,2022
219,OSA,VOR,7,Falta entregar: LH-VOR PARAMETROS I,2022
220,PAL,ILS,2,Falta entregar: LH-DME ILS PARAMETROS-ILS PARAMETROS,2022
221,PAL,ILS,3,Falta entregar: LH-DME ILS PARAMETROS-ILS PARAMETROS,2022
222,PAL,ILS,4,Falta entregar: ILS PARAMETROS,2022
223,PAL,ILS,5,Falta entregar: LH-DME ILS PARAMETROS-ILS PARAMETROS,2022
224,PAL,ILS,6,Falta entregar: LH-DME ILS PARAMETROS-ILS PARAMETROS,2022
225,PAL,ILS,7,Falta entregar: LH-DME ILS PARAMETROS-ILS PARAMETROS,2022
226,PAL,ILS,9,Falta entregar: LH-DME ILS PARAMETROS-ILS PARAMETROS,2022
227,PAL,ILS,10,Falta entregar: LH-DME ILS PARAMETROS-ILS PARAMETROS,2022
228,PAL,ILS,11,Falta entregar: LH-DME ILS PARAMETROS-ILS PARAMETROS,2022
229,PAL,ILS,12,Falta entregar: LH-DME ILS PARAMETROS-ILS PARAMETROS,2022
230,PAL,VOR,1,Falta entregar: VOR PARAMETROS I,2022
231,PAL,VOR,2,Falta entregar: LH-VOR PARAMETROS I-DME VOR PARAMETROS,2022
232,PAL,VOR,3,Falta entregar: LH-VOR PARAMETROS I-DME VOR PARAMETROS,2022
233,PAL,VOR,4,Falta entregar: VOR PARAMETROS I,2022
234,PAL,VOR,5,Falta entregar: LH-VOR PARAMETROS I-DME VOR PARAMETROS,2022
235,PAL,VOR,6,Falta entregar: LH-VOR PARAMETROS I-DME VOR PARAMETROS,2022
236,PAL,VOR,7,Falta entregar: LH-VOR PARAMETROS I-DME VOR PARAMETROS,2022
237,PAL,VOR,8,Falta entregar: VOR PARAMETROS I-DME VOR PARAMETROS,2022
238,PAL,VOR,9,Falta entregar: LH-VOR PARAMETROS I-DME VOR PARAMETROS,2022
239,PAL,VOR,10,Falta entregar: LH-VOR PARAMETROS I-DME VOR PARAMETROS,2022
240,PAL,VOR,11,Falta entregar: LH-VOR PARAMETROS I-DME VOR PARAMETROS,2022
241,PAL,VOR,12,Falta entregar: LH-VOR PARAMETROS I-DME VOR PARAMETROS,2022
242,PAL,VOR,1-12,Falta entregar: 4 FOLIO/S VOR PARAMETROS II (trimestrales),2022
243,PAR,ILS,8,Falta entregar: LH-DME ILS PARAMETROS-ILS PARAMETROS,2022
244,PAR,ILS,9,Falta entregar: LH-DME ILS PARAMETROS-ILS PARAMETROS,2022
245,PAR,ILS,10,Falta entregar: LH-DME ILS PARAMETROS-ILS PARAMETROS,2022
246,PAR,ILS,11,Falta entregar: LH-DME ILS PARAMETROS-ILS PARAMETROS,2022
247,PAR,ILS,12,Falta entregar: LH-DME ILS PARAMETROS-ILS PARAMETROS,2022
248,PAR,VOR,8,Falta entregar: LH-VOR PARAMETROS I-DME VOR PARAMETROS,2022
249,PAR,VOR,9,Falta entregar: LH-VOR PARAMETROS I-DME VOR PARAMETROS,2022
250,PAR,VOR,10,Falta entregar: LH-VOR PARAMETROS I-DME VOR PARAMETROS,2022
251,PAR,VOR,11,Falta entregar: LH-VOR PARAMETROS I-DME VOR PARAMETROS,2022
252,PAR,VOR,12,Falta entregar: LH-VOR PARAMETROS I-DME VOR PARAMETROS,2022
253,PAR,VOR,1-12,Falta entregar: 3 FOLIO/S VOR PARAMETROS II (trimestrales),2022
254,PTA,VOR,8,Falta entregar: LH-VOR PARAMETROS I,2022
255,PTA,VOR,9,Falta entregar: LH-VOR PARAMETROS I,2022
256,PTA,VOR,10,Falta entregar: LH-VOR PARAMETROS I,2022
257,PTA,VOR,11,Falta entregar: LH-VOR PARAMETROS I,2022
258,PTA,VOR,12,Falta entregar: LH-VOR PARAMETROS I,2022
259,PTA,VOR,1-12,Falta entregar: 2 FOLIO/S VOR PARAMETROS II (trimestrales),2022
260,ROS,ILS,7,Falta entregar: DME ILS PARAMETROS,2022
261,ROS,ILS,8,Falta entregar: DME ILS PARAMETROS,2022
262,ROS,ILS,11,Falta entregar: LH-DME ILS PARAMETROS-ILS PARAMETROS,2022
263,ROS,ILS,12,Falta entregar: LH-DME ILS PARAMETROS-ILS PARAMETROS,2022
264,ROS,VOR,1,Falta entregar: DME VOR PARAMETROS,2022
265,ROS,VOR,2,Falta entregar: DME VOR PARAMETROS,2022
266,ROS,VOR,3,Falta entregar: DME VOR PARAMETROS,2022
267,ROS,VOR,4,Falta entregar: DME VOR PARAMETROS,2022
268,ROS,VOR,5,Falta entregar: DME VOR PARAMETROS,2022
269,ROS,VOR,6,Falta entregar: DME VOR PARAMETROS,2022
270,ROS,VOR,7,Falta entregar: DME VOR PARAMETROS,2022
271,ROS,VOR,8,Falta entregar: DME VOR PARAMETROS,2022
272,ROS,VOR,9,Falta entregar: DME VOR PARAMETROS,2022
273,ROS,VOR,10,Falta entregar: DME VOR PARAMETROS,2022
274,ROS,VOR,11,Falta entregar: LH-VOR PARAMETROS I-DME VOR PARAMETROS,2022
275,ROS,VOR,12,Falta entregar: LH-VOR PARAMETROS I-DME VOR PARAMETROS,2022
276,ROS,VOR,1-12,Falta entregar: 1 FOLIO/S VOR PARAMETROS II (trimestrales),2022
277,SNT,VOR,8,Falta entregar: LH-VOR PARAMETROS I-DME VOR PARAMETROS,2022
278,SNT,VOR,9,Falta entregar: LH-VOR PARAMETROS I-DME VOR PARAMETROS,2022
279,SNT,VOR,10,Falta entregar: LH-VOR PARAMETROS I-DME VOR PARAMETROS,2022
280,SNT,VOR,11,Falta entregar: LH-VOR PARAMETROS I-DME VOR PARAMETROS,2022
281,SNT,VOR,12,Falta entregar: LH-VOR PARAMETROS I-DME VOR PARAMETROS,2022
282,SNT,VOR,1-12,Falta entregar: 2 FOLIO/S VOR PARAMETROS II (trimestrales),2022
283,SVO,ILS,8,Falta entregar: LH-DME ILS PARAMETROS-ILS PARAMETROS,2022
284,SVO,ILS,9,Falta entregar: LH-DME ILS PARAMETROS-ILS PARAMETROS,2022
285,SVO,ILS,10,Falta entregar: LH-DME ILS PARAMETROS-ILS PARAMETROS,2022
286,SVO,ILS,11,Falta entregar: LH-DME ILS PARAMETROS-ILS PARAMETROS,2022
287,SVO,ILS,12,Falta entregar: LH-DME ILS PARAMETROS-ILS PARAMETROS,2022
288,AEP,ILS,2,Falta entregar: LH-DME ILS PARAMETROS-ILS PARAMETROS,2022
289,AEP,ILS,3,Falta entregar: LH-DME ILS PARAMETROS-ILS PARAMETROS,2022
290,AEP,ILS,4,Falta entregar: LH-DME ILS PARAMETROS-ILS PARAMETROS,2022
291,AEP,ILS,5,Falta entregar: LH-DME ILS PARAMETROS-ILS PARAMETROS,2022
292,AEP,ILS,6,Falta entregar: LH-DME ILS PARAMETROS-ILS PARAMETROS,2022
293,AEP,ILS,7,Falta entregar: LH-DME ILS PARAMETROS-ILS PARAMETROS,2022
294,AEP,ILS,10,Falta entregar: LH-DME ILS PARAMETROS-ILS PARAMETROS,2022
295,AEP,ILS,11,Falta entregar: LH-DME ILS PARAMETROS-ILS PARAMETROS,2022
296,AEP,ILS,12,Falta entregar: LH-DME ILS PARAMETROS-ILS PARAMETROS,2022
297,BAR,ILS,3,Falta entregar: LH-DME ILS PARAMETROS-ILS PARAMETROS,2022
298,BAR,ILS,4,Falta entregar: LH-DME ILS PARAMETROS-ILS PARAMETROS,2022
299,BAR,ILS,5,Falta entregar: LH-DME ILS PARAMETROS-ILS PARAMETROS,2022
300,BAR,ILS,6,Falta entregar: LH-DME ILS PARAMETROS-ILS PARAMETROS,2022
301,BAR,ILS,7,Falta entregar: LH-DME ILS PARAMETROS-ILS PARAMETROS,2022
302,BAR,ILS,8,Falta entregar: LH-DME ILS PARAMETROS-ILS PARAMETROS,2022
303,BAR,ILS,9,Falta entregar: LH-DME ILS PARAMETROS-ILS PARAMETROS,2022
304,BAR,ILS,10,Falta entregar: LH-DME ILS PARAMETROS-ILS PARAMETROS,2022
305,BAR,ILS,11,Falta entregar: LH-DME ILS PARAMETROS-ILS PARAMETROS,2022
306,BAR,ILS,12,Falta entregar: LH-DME ILS PARAMETROS-ILS PARAMETROS,2022
307,BAR,VOR,1,Falta entregar: VOR PARAMETROS I-DME VOR PARAMETROS,2022
308,BAR,VOR,2,Falta entregar: LH-VOR PARAMETROS I-DME VOR PARAMETROS,2022
309,BAR,VOR,3,Falta entregar: LH-VOR PARAMETROS I-DME VOR PARAMETROS,2022
310,BAR,VOR,4,Falta entregar: LH-VOR PARAMETROS I-DME VOR PARAMETROS,2022
311,BAR,VOR,5,Falta entregar: LH-VOR PARAMETROS I-DME VOR PARAMETROS,2022
312,BAR,VOR,6,Falta entregar: LH-VOR PARAMETROS I-DME VOR PARAMETROS,2022
313,BAR,VOR,7,Falta entregar: LH-VOR PARAMETROS I-DME VOR PARAMETROS,2022
314,BAR,VOR,8,Falta entregar: LH-VOR PARAMETROS I-DME VOR PARAMETROS,2022
315,BAR,VOR,9,Falta entregar: LH-VOR PARAMETROS I-DME VOR PARAMETROS,2022
316,BAR,VOR,10,Falta entregar: LH-VOR PARAMETROS I-DME VOR PARAMETROS,2022
317,BAR,VOR,11,Falta entregar: LH-VOR PARAMETROS I-DME VOR PARAMETROS,2022
318,BAR,VOR,12,Falta entregar: LH-VOR PARAMETROS I-DME VOR PARAMETROS,2022
319,BAR,VOR,1-12,Falta entregar: 4 FOLIO/S VOR PARAMETROS II (trimestrales),2022
320,BCA,ILS,1,Falta entregar: DME ILS PARAMETROS,2022
321,BCA,ILS,2,Falta entregar: LH-DME ILS PARAMETROS-ILS PARAMETROS,2022
322,BCA,ILS,3,Falta entregar: LH-DME ILS PARAMETROS-ILS PARAMETROS,2022
323,BCA,ILS,5,Falta entregar: LH-DME ILS PARAMETROS-ILS PARAMETROS,2022
324,BCA,ILS,7,Falta entregar: LH-DME ILS PARAMETROS-ILS PARAMETROS,2022
325,BCA,ILS,8,Falta entregar: LH-DME ILS PARAMETROS-ILS PARAMETROS,2022
326,BCA,ILS,9,Falta entregar: LH-DME ILS PARAMETROS-ILS PARAMETROS,2022
327,BCA,ILS,10,Falta entregar: LH-DME ILS PARAMETROS-ILS PARAMETROS,2022
328,BCA,ILS,11,Falta entregar: LH-DME ILS PARAMETROS-ILS PARAMETROS,2022
329,BCA,ILS,12,Falta entregar: LH-DME ILS PARAMETROS-ILS PARAMETROS,2022
330,BCA,VOR,8,Falta entregar: LH-VOR PARAMETROS I-DME VOR PARAMETROS,2022
331,BCA,VOR,9,Falta entregar: LH-VOR PARAMETROS I-DME VOR PARAMETROS,2022
332,BCA,VOR,10,Falta entregar: LH-VOR PARAMETROS I-DME VOR PARAMETROS,2022
333,BCA,VOR,11,Falta entregar: LH-VOR PARAMETROS I-DME VOR PARAMETROS,2022
334,BCA,VOR,12,Falta entregar: LH-VOR PARAMETROS I-DME VOR PARAMETROS,2022
335,BCA,VOR,1-12,Falta entregar: 2 FOLIO/S VOR PARAMETROS II (trimestrales),2022
336,CHP,VOR,1,Falta entregar: LH-VOR PARAMETROS I-DME VOR PARAMETROS,2022
337,CHP,VOR,2,Falta entregar: LH-VOR PARAMETROS I-DME VOR PARAMETROS,2022
338,CHP,VOR,3,Falta entregar: LH-VOR PARAMETROS I-DME VOR PARAMETROS,2022
339,CHP,VOR,4,Falta entregar: LH-VOR PARAMETROS I-DME VOR PARAMETROS,2022
340,CHP,VOR,5,Falta entregar: LH-VOR PARAMETROS I-DME VOR PARAMETROS,2022
341,CHP,VOR,6,Falta entregar: LH-VOR PARAMETROS I-DME VOR PARAMETROS,2022
342,CHP,VOR,7,Falta entregar: LH-VOR PARAMETROS I-DME VOR PARAMETROS,2022
343,CHP,VOR,8,Falta entregar: LH-VOR PARAMETROS I-DME VOR PARAMETROS,2022
344,CHP,VOR,9,Falta entregar: LH-VOR PARAMETROS I-DME VOR PARAMETROS,2022
345,CHP,VOR,10,Falta entregar: LH-VOR PARAMETROS I-DME VOR PARAMETROS,2022
346,CHP,VOR,11,Falta entregar: LH-VOR PARAMETROS I-DME VOR PARAMETROS,2022
347,CHP,VOR,12,Falta entregar: LH-VOR PARAMETROS I-DME VOR PARAMETROS,2022
348,CHP,VOR,1-12,Falta entregar: 4 FOLIO/S VOR PARAMETROS II (trimestrales),2022
349,DIL,ILS,7,Falta entregar: LH,2022
350,DIL,ILS,8,Falta entregar: LH,2022
351,DIL,ILS,9,Falta entregar: LH,2022
352,DIL,ILS,10,Falta entregar: LH,2022
353,DIL,ILS,11,Falta entregar: LH,2022
354,DIL,ILS,12,Falta entregar: LH,2022
355,DIL,VOR,8,Falta entregar: LH-VOR PARAMETROS I-DME VOR PARAMETROS,2022
356,DIL,VOR,9,Falta entregar: LH-VOR PARAMETROS I-DME VOR PARAMETROS,2022
357,DIL,VOR,10,Falta entregar: LH-VOR PARAMETROS I-DME VOR PARAMETROS,2022
358,DIL,VOR,11,Falta entregar: LH-VOR PARAMETROS I-DME VOR PARAMETROS,2022
359,DIL,VOR,12,Falta entregar: LH-VOR PARAMETROS I-DME VOR PARAMETROS,2022
360,DIL,VOR,1-12,Falta entregar: 2 FOLIO/S VOR PARAMETROS II (trimestrales),2022
361,EZE RWY 11 29,ILS,7,Falta entregar: LH-DME ILS PARAMETROS-ILS PARAMETROS,2022
362,EZE RWY 11 29,ILS,9,Falta entregar: LH-DME ILS PARAMETROS-ILS PARAMETROS,2022
363,EZE RWY 11 29,ILS,10,Falta entregar: LH-DME ILS PARAMETROS-ILS PARAMETROS,2022
364,EZE RWY 11 29,ILS,11,Falta entregar: LH-DME ILS PARAMETROS-ILS PARAMETROS,2022
365,EZE RWY 11 29,ILS,12,Falta entregar: LH-DME ILS PARAMETROS-ILS PARAMETROS,2022
366,EZE RWY 11 29,LI,1,Falta entregar: LH-LI PARAMETROS,2022
367,EZE RWY 11 29,LI,2,Falta entregar: LH-LI PARAMETROS,2022
368,EZE RWY 11 29,LI,3,Falta entregar: LH-LI PARAMETROS,2022
369,EZE RWY 11 29,LI,4,Falta entregar: LH-LI PARAMETROS,2022
370,EZE RWY 11 29,LI,5,Falta entregar: LH-LI PARAMETROS,2022
371,EZE RWY 11 29,LI,6,Falta entregar: LH-LI PARAMETROS,2022
372,EZE RWY 11 29,LI,7,Falta entregar: LH-LI PARAMETROS,2022
373,EZE RWY 11 29,LI,8,Falta entregar: LH-LI PARAMETROS,2022
374,EZE RWY 11 29,LI,9,Falta entregar: LH-LI PARAMETROS,2022
375,EZE RWY 11 29,LI,10,Falta entregar: LH-LI PARAMETROS,2022
376,EZE RWY 11 29,LI,11,Falta entregar: LH-LI PARAMETROS,2022
377,EZE RWY 11 29,LI,12,Falta entregar: LH-LI PARAMETROS,2022
378,EZE RWY 17 35,ILS,7,Falta entregar: LH-DME ILS PARAMETROS-ILS PARAMETROS,2022
379,EZE RWY 17 35,ILS,9,Falta entregar: LH-DME ILS PARAMETROS-ILS PARAMETROS,2022
380,EZE RWY 17 35,ILS,10,Falta entregar: LH-DME ILS PARAMETROS-ILS PARAMETROS,2022
381,EZE RWY 17 35,ILS,11,Falta entregar: LH-DME ILS PARAMETROS-ILS PARAMETROS,2022
382,EZE RWY 17 35,ILS,12,Falta entregar: LH-DME ILS PARAMETROS-ILS PARAMETROS,2022
383,EZE VOR,VOR,1,Falta entregar: LH-VOR PARAMETROS I-DME VOR PARAMETROS,2022
384,EZE VOR,VOR,2,Falta entregar: LH-VOR PARAMETROS I-DME VOR PARAMETROS,2022
385,EZE VOR,VOR,3,Falta entregar: LH-VOR PARAMETROS I-DME VOR PARAMETROS,2022
386,EZE VOR,VOR,4,Falta entregar: LH-VOR PARAMETROS I-DME VOR PARAMETROS,2022
387,EZE VOR,VOR,5,Falta entregar: LH-VOR PARAMETROS I-DME VOR PARAMETROS,2022
388,EZE VOR,VOR,6,Falta entregar: LH-VOR PARAMETROS I-DME VOR PARAMETROS,2022
389,EZE VOR,VOR,7,Falta entregar: LH-VOR PARAMETROS I-DME VOR PARAMETROS,2022
390,EZE VOR,VOR,8,Falta entregar: LH-VOR PARAMETROS I-DME VOR PARAMETROS,2022
391,EZE VOR,VOR,9,Falta entregar: LH-VOR PARAMETROS I-DME VOR PARAMETROS,2022
392,EZE VOR,VOR,10,Falta entregar: LH-VOR PARAMETROS I-DME VOR PARAMETROS,2022
393,EZE VOR,VOR,11,Falta entregar: LH-VOR PARAMETROS I-DME VOR PARAMETROS,2022
394,EZE VOR,VOR,12,Falta entregar: LH-VOR PARAMETROS I-DME VOR PARAMETROS,2022
395,EZE VOR,VOR,1-12,Falta entregar: 4 FOLIO/S VOR PARAMETROS II (trimestrales),2022
396,FDO,ILS,1,Falta entregar: LH-DME ILS PARAMETROS-ILS PARAMETROS,2022
397,FDO,ILS,2,Falta entregar: LH-DME ILS PARAMETROS-ILS PARAMETROS,2022
398,FDO,ILS,3,Falta entregar: LH-DME ILS PARAMETROS-ILS PARAMETROS,2022
399,FDO,ILS,4,Falta entregar: LH-DME ILS PARAMETROS-ILS PARAMETROS,2022
400,FDO,ILS,5,Falta entregar: LH-DME ILS PARAMETROS-ILS PARAMETROS,2022
401,FDO,ILS,6,Falta entregar: LH-DME ILS PARAMETROS-ILS PARAMETROS,2022
402,FDO,ILS,7,Falta entregar: LH-DME ILS PARAMETROS-ILS PARAMETROS,2022
403,FDO,ILS,8,Falta entregar: LH-DME ILS PARAMETROS-ILS PARAMETROS,2022
404,FDO,ILS,9,Falta entregar: LH-DME ILS PARAMETROS-ILS PARAMETROS,2022
405,FDO,ILS,10,Falta entregar: LH-DME ILS PARAMETROS-ILS PARAMETROS,2022
406,FDO,ILS,11,Falta entregar: LH-DME ILS PARAMETROS-ILS PARAMETROS,2022
407,FDO,ILS,12,Falta entregar: LH-DME ILS PARAMETROS-ILS PARAMETROS,2022
408,FDO,VOR,1,Falta entregar: LH-VOR PARAMETROS I-DME VOR PARAMETROS,2022
409,FDO,VOR,2,Falta entregar: LH-VOR PARAMETROS I-DME VOR PARAMETROS,2022
410,FDO,VOR,3,Falta entregar: LH-VOR PARAMETROS I-DME VOR PARAMETROS,2022
411,FDO,VOR,4,Falta entregar: LH-VOR PARAMETROS I-DME VOR PARAMETROS,2022
412,FDO,VOR,5,Falta entregar: LH-VOR PARAMETROS I-DME VOR PARAMETROS,2022
413,FDO,VOR,6,Falta entregar: LH-VOR PARAMETROS I-DME VOR PARAMETROS,2022
414,FDO,VOR,7,Falta entregar: LH-VOR PARAMETROS I-DME VOR PARAMETROS,2022
415,FDO,VOR,8,Falta entregar: LH-VOR PARAMETROS I-DME VOR PARAMETROS,2022
416,FDO,VOR,9,Falta entregar: LH-VOR PARAMETROS I-DME VOR PARAMETROS,2022
417,FDO,VOR,10,Falta entregar: LH-VOR PARAMETROS I-DME VOR PARAMETROS,2022
418,FDO,VOR,11,Falta entregar: LH-VOR PARAMETROS I-DME VOR PARAMETROS,2022
419,FDO,VOR,12,Falta entregar: LH-VOR PARAMETROS I-DME VOR PARAMETROS,2022
420,FDO,VOR,1-12,Falta entregar: 4 FOLIO/S VOR PARAMETROS II (trimestrales),2022
421,GBE,VOR,8,Falta entregar: LH-VOR PARAMETROS I,2022
422,GBE,VOR,9,Falta entregar: LH-VOR PARAMETROS I,2022
423,GBE,VOR,10,Falta entregar: LH-VOR PARAMETROS I,2022
424,GBE,VOR,11,Falta entregar: LH-VOR PARAMETROS I,2022
425,GBE,VOR,12,Falta entregar: LH-VOR PARAMETROS I,2022
426,GBE,VOR,1-12,Falta entregar: 2 FOLIO/S VOR PARAMETROS II (trimestrales),2022
427,GPI,LI,1,Falta entregar: LH-LI PARAMETROS,2022
428,GPI,LI,2,Falta entregar: LH-LI PARAMETROS,2022
429,GPI,LI,5,Falta entregar: LH-LI PARAMETROS,2022
430,GPI,LI,6,Falta entregar: LH-LI PARAMETROS,2022
431,GPI,LI,7,Falta entregar: LI PARAMETROS,2022
432,GPI,LI,8,Falta entregar: LH-LI PARAMETROS,2022
433,GPI,LI,10,Falta entregar: LH-LI PARAMETROS,2022
434,GPI,LI,11,Falta entregar: LH-LI PARAMETROS,2022
435,GPI,LI,12,Falta entregar: LH-LI PARAMETROS,2022
436,GPI,VOR,9,Falta entregar: VOR PARAMETROS I,2022
437,GPI,VOR,10,Falta entregar: LH-VOR PARAMETROS I,2022
438,GPI,VOR,11,Falta entregar: LH-VOR PARAMETROS I,2022
439,GPI,VOR,12,Falta entregar: LH-VOR PARAMETROS I,2022
440,GPI,VOR,1-12,Falta entregar: 2 FOLIO/S VOR PARAMETROS II (trimestrales),2022
441,GUA,VOR,1,Falta entregar: LH-VOR PARAMETROS I-DME VOR PARAMETROS,2022
442,GUA,VOR,2,Falta entregar: LH-VOR PARAMETROS I-DME VOR PARAMETROS,2022
443,GUA,VOR,3,Falta entregar: LH-VOR PARAMETROS I-DME VOR PARAMETROS,2022
444,GUA,VOR,4,Falta entregar: LH-VOR PARAMETROS I-DME VOR PARAMETROS,2022
445,GUA,VOR,5,Falta entregar: LH-VOR PARAMETROS I-DME VOR PARAMETROS,2022
446,GUA,VOR,6,Falta entregar: LH-VOR PARAMETROS I-DME VOR PARAMETROS,2022
447,GUA,VOR,7,Falta entregar: LH-VOR PARAMETROS I-DME VOR PARAMETROS,2022
448,GUA,VOR,8,Falta entregar: LH-VOR PARAMETROS I-DME VOR PARAMETROS,2022
449,GUA,VOR,9,Falta entregar: LH-VOR PARAMETROS I-DME VOR PARAMETROS,2022
450,GUA,VOR,10,Falta entregar: LH-VOR PARAMETROS I-DME VOR PARAMETROS,2022
451,GUA,VOR,11,Falta entregar: LH-VOR PARAMETROS I-DME VOR PARAMETROS,2022
452,GUA,VOR,12,Falta entregar: LH-VOR PARAMETROS I-DME VOR PARAMETROS,2022
453,GUA,VOR,1-12,Falta entregar: 4 FOLIO/S VOR PARAMETROS II (trimestrales),2022
454,LYE,VOR,7,Falta entregar: LH-VOR PARAMETROS I,2022
455,LYE,VOR,8,Falta entregar: LH-VOR PARAMETROS I,2022
456,LYE,VOR,9,Falta entregar: LH-VOR PARAMETROS I,2022
457,LYE,VOR,10,Falta entregar: LH-VOR PARAMETROS I,2022
458,LYE,VOR,11,Falta entregar: LH-VOR PARAMETROS I,2022
459,LYE,VOR,12,Falta entregar: LH-VOR PARAMETROS I,2022
460,LYE,VOR,1-12,Falta entregar: 2 FOLIO/S VOR PARAMETROS II (trimestrales),2022
461,MDP,ILS,1,Falta entregar: LH-DME ILS PARAMETROS-ILS PARAMETROS,2022
462,MDP,ILS,2,Falta entregar: LH-DME ILS PARAMETROS-ILS PARAMETROS,2022
463,MDP,ILS,3,Falta entregar: LH-DME ILS PARAMETROS-ILS PARAMETROS,2022
464,MDP,ILS,5,Falta entregar: LH-DME ILS PARAMETROS-ILS PARAMETROS,2022
465,MDP,ILS,6,Falta entregar: LH-DME ILS PARAMETROS-ILS PARAMETROS,2022
466,MDP,ILS,7,Falta entregar: LH-DME ILS PARAMETROS-ILS PARAMETROS,2022
467,MDP,ILS,8,Falta entregar: LH-DME ILS PARAMETROS-ILS PARAMETROS,2022
468,MDP,ILS,9,Falta entregar: LH-DME ILS PARAMETROS-ILS PARAMETROS,2022
469,MDP,ILS,10,Falta entregar: LH-DME ILS PARAMETROS-ILS PARAMETROS,2022
470,MDP,ILS,11,Falta entregar: LH-DME ILS PARAMETROS-ILS PARAMETROS,2022
471,MDP,ILS,12,Falta entregar: LH-DME ILS PARAMETROS-ILS PARAMETROS,2022
472,MDP,VOR,1,Falta entregar: VOR PARAMETROS I-DME VOR PARAMETROS,2022
473,MDP,VOR,2,Falta entregar: LH-VOR PARAMETROS I-DME VOR PARAMETROS,2022
474,MDP,VOR,3,Falta entregar: LH-VOR PARAMETROS I-DME VOR PARAMETROS,2022
475,MDP,VOR,4,Falta entregar: VOR PARAMETROS I-DME VOR PARAMETROS,2022
476,MDP,VOR,5,Falta entregar: LH-VOR PARAMETROS I-DME VOR PARAMETROS,2022
477,MDP,VOR,6,Falta entregar: LH-VOR PARAMETROS I-DME VOR PARAMETROS,2022
478,MDP,VOR,7,Falta entregar: LH-VOR PARAMETROS I-DME VOR PARAMETROS,2022
479,MDP,VOR,8,Falta entregar: LH-VOR PARAMETROS I-DME VOR PARAMETROS,2022
480,MDP,VOR,9,Falta entregar: LH-VOR PARAMETROS I-DME VOR PARAMETROS,2022
481,MDP,VOR,10,Falta entregar: LH-VOR PARAMETROS I-DME VOR PARAMETROS,2022
482,MDP,VOR,11,Falta entregar: LH-VOR PARAMETROS I-DME VOR PARAMETROS,2022
483,MDP,VOR,12,Falta entregar: LH-VOR PARAMETROS I-DME VOR PARAMETROS,2022
484,MDP,VOR,1-12,Falta entregar: 4 FOLIO/S VOR PARAMETROS II (trimestrales),2022
485,NEU,ILS,7,Falta entregar: DME ILS PARAMETROS-ILS PARAMETROS,2022
486,NEU,ILS,8,Falta entregar: LH-DME ILS PARAMETROS-ILS PARAMETROS,2022
487,NEU,VOR,8,Falta entregar: LH-VOR PARAMETROS I-DME VOR PARAMETROS,2022
488,NIN,VOR,1,Falta entregar: LH-VOR PARAMETROS I,2022
489,NIN,VOR,2,Falta entregar: LH-VOR PARAMETROS I,2022
490,NIN,VOR,5,Falta entregar: LH-VOR PARAMETROS I,2022
491,NIN,VOR,6,Falta entregar: LH-VOR PARAMETROS I,2022
492,NIN,VOR,8,Falta entregar: LH-VOR PARAMETROS I,2022
493,NIN,VOR,9,Falta entregar: LH-VOR PARAMETROS I,2022
494,NIN,VOR,10,Falta entregar: LH-VOR PARAMETROS I,2022
495,NIN,VOR,11,Falta entregar: LH-VOR PARAMETROS I,2022
496,NIN,VOR,12,Falta entregar: LH-VOR PARAMETROS I,2022
497,NIN,VOR,1-12,Falta entregar: 2 FOLIO/S VOR PARAMETROS II (trimestrales),2022
498,OEL,VOR,7,Falta entregar: DME VOR PARAMETROS,2022
499,OEL,VOR,8,Falta entregar: LH-VOR PARAMETROS I-DME VOR PARAMETROS,2022
500,OEL,VOR,10,Falta entregar: VOR PARAMETROS I,2022
501,OEL,VOR,12,Falta entregar: VOR PARAMETROS I-DME VOR PARAMETROS,2022
502,OEL,VOR,1-12,Falta entregar: 1 FOLIO/S VOR PARAMETROS II (trimestrales),2022
503,OSA,ILS,4,Falta entregar: DME ILS PARAMETROS-ILS PARAMETROS,2022
504,OSA,ILS,5,Falta entregar: LH-DME ILS PARAMETROS-ILS PARAMETROS,2022
505,OSA,ILS,6,Falta entregar: LH-DME ILS PARAMETROS-ILS PARAMETROS,2022
506,OSA,VOR,7,Falta entregar: LH-VOR PARAMETROS I,2022
507,PAL,ILS,2,Falta entregar: LH-DME ILS PARAMETROS-ILS PARAMETROS,2022
508,PAL,ILS,3,Falta entregar: LH-DME ILS PARAMETROS-ILS PARAMETROS,2022
509,PAL,ILS,4,Falta entregar: ILS PARAMETROS,2022
510,PAL,ILS,5,Falta entregar: LH-DME ILS PARAMETROS-ILS PARAMETROS,2022
511,PAL,ILS,6,Falta entregar: LH-DME ILS PARAMETROS-ILS PARAMETROS,2022
512,PAL,ILS,7,Falta entregar: LH-DME ILS PARAMETROS-ILS PARAMETROS,2022
513,PAL,ILS,9,Falta entregar: LH-DME ILS PARAMETROS-ILS PARAMETROS,2022
514,PAL,ILS,10,Falta entregar: LH-DME ILS PARAMETROS-ILS PARAMETROS,2022
515,PAL,ILS,11,Falta entregar: LH-DME ILS PARAMETROS-ILS PARAMETROS,2022
516,PAL,ILS,12,Falta entregar: LH-DME ILS PARAMETROS-ILS PARAMETROS,2022
517,PAL,VOR,1,Falta entregar: VOR PARAMETROS I,2022
518,PAL,VOR,2,Falta entregar: LH-VOR PARAMETROS I-DME VOR PARAMETROS,2022
519,PAL,VOR,3,Falta entregar: LH-VOR PARAMETROS I-DME VOR PARAMETROS,2022
520,PAL,VOR,4,Falta entregar: VOR PARAMETROS I,2022
521,PAL,VOR,5,Falta entregar: LH-VOR PARAMETROS I-DME VOR PARAMETROS,2022
522,PAL,VOR,6,Falta entregar: LH-VOR PARAMETROS I-DME VOR PARAMETROS,2022
523,PAL,VOR,7,Falta entregar: LH-VOR PARAMETROS I-DME VOR PARAMETROS,2022
524,PAL,VOR,8,Falta entregar: VOR PARAMETROS I-DME VOR PARAMETROS,2022
525,PAL,VOR,9,Falta entregar: LH-VOR PARAMETROS I-DME VOR PARAMETROS,2022
526,PAL,VOR,10,Falta entregar: LH-VOR PARAMETROS I-DME VOR PARAMETROS,2022
527,PAL,VOR,11,Falta entregar: LH-VOR PARAMETROS I-DME VOR PARAMETROS,2022
528,PAL,VOR,12,Falta entregar: LH-VOR PARAMETROS I-DME VOR PARAMETROS,2022
529,PAL,VOR,1-12,Falta entregar: 4 FOLIO/S VOR PARAMETROS II (trimestrales),2022
530,PAR,ILS,8,Falta entregar: LH-DME ILS PARAMETROS-ILS PARAMETROS,2022
531,PAR,ILS,9,Falta entregar: LH-DME ILS PARAMETROS-ILS PARAMETROS,2022
532,PAR,ILS,10,Falta entregar: LH-DME ILS PARAMETROS-ILS PARAMETROS,2022
533,PAR,ILS,11,Falta entregar: LH-DME ILS PARAMETROS-ILS PARAMETROS,2022
534,PAR,ILS,12,Falta entregar: LH-DME ILS PARAMETROS-ILS PARAMETROS,2022
535,PAR,VOR,8,Falta entregar: LH-VOR PARAMETROS I-DME VOR PARAMETROS,2022
536,PAR,VOR,9,Falta entregar: LH-VOR PARAMETROS I-DME VOR PARAMETROS,2022
537,PAR,VOR,10,Falta entregar: LH-VOR PARAMETROS I-DME VOR PARAMETROS,2022
538,PAR,VOR,11,Falta entregar: LH-VOR PARAMETROS I-DME VOR PARAMETROS,2022
539,PAR,VOR,12,Falta entregar: LH-VOR PARAMETROS I-DME VOR PARAMETROS,2022
540,PAR,VOR,1-12,Falta entregar: 3 FOLIO/S VOR PARAMETROS II (trimestrales),2022
541,PTA,VOR,8,Falta entregar: LH-VOR PARAMETROS I,2022
542,PTA,VOR,9,Falta entregar: LH-VOR PARAMETROS I,2022
543,PTA,VOR,10,Falta entregar: LH-VOR PARAMETROS I,2022
544,PTA,VOR,11,Falta entregar: LH-VOR PARAMETROS I,2022
545,PTA,VOR,12,Falta entregar: LH-VOR PARAMETROS I,2022
546,PTA,VOR,1-12,Falta entregar: 2 FOLIO/S VOR PARAMETROS II (trimestrales),2022
547,ROS,ILS,7,Falta entregar: DME ILS PARAMETROS,2022
548,ROS,ILS,8,Falta entregar: DME ILS PARAMETROS,2022
549,ROS,ILS,11,Falta entregar: LH-DME ILS PARAMETROS-ILS PARAMETROS,2022
550,ROS,ILS,12,Falta entregar: LH-DME ILS PARAMETROS-ILS PARAMETROS,2022
551,ROS,VOR,1,Falta entregar: DME VOR PARAMETROS,2022
552,ROS,VOR,2,Falta entregar: DME VOR PARAMETROS,2022
553,ROS,VOR,3,Falta entregar: DME VOR PARAMETROS,2022
554,ROS,VOR,4,Falta entregar: DME VOR PARAMETROS,2022
555,ROS,VOR,5,Falta entregar: DME VOR PARAMETROS,2022
556,ROS,VOR,6,Falta entregar: DME VOR PARAMETROS,2022
557,ROS,VOR,7,Falta entregar: DME VOR PARAMETROS,2022
558,ROS,VOR,8,Falta entregar: DME VOR PARAMETROS,2022
559,ROS,VOR,9,Falta entregar: DME VOR PARAMETROS,2022
560,ROS,VOR,10,Falta entregar: DME VOR PARAMETROS,2022
561,ROS,VOR,11,Falta entregar: LH-VOR PARAMETROS I-DME VOR PARAMETROS,2022
562,ROS,VOR,12,Falta entregar: LH-VOR PARAMETROS I-DME VOR PARAMETROS,2022
563,ROS,VOR,1-12,Falta entregar: 1 FOLIO/S VOR PARAMETROS II (trimestrales),2022
564,SNT,VOR,8,Falta entregar: LH-VOR PARAMETROS I-DME VOR PARAMETROS,2022
565,SNT,VOR,9,Falta entregar: LH-VOR PARAMETROS I-DME VOR PARAMETROS,2022
566,SNT,VOR,10,Falta entregar: LH-VOR PARAMETROS I-DME VOR PARAMETROS,2022
567,SNT,VOR,11,Falta entregar: LH-VOR PARAMETROS I-DME VOR PARAMETROS,2022
568,SNT,VOR,12,Falta entregar: LH-VOR PARAMETROS I-DME VOR PARAMETROS,2022
569,SNT,VOR,1-12,Falta entregar: 2 FOLIO/S VOR PARAMETROS II (trimestrales),2022
570,SVO,ILS,8,Falta entregar: LH-DME ILS PARAMETROS-ILS PARAMETROS,2022
571,SVO,ILS,9,Falta entregar: LH-DME ILS PARAMETROS-ILS PARAMETROS,2022
572,SVO,ILS,10,Falta entregar: LH-DME ILS PARAMETROS-ILS PARAMETROS,2022
573,SVO,ILS,11,Falta entregar: LH-DME ILS PARAMETROS-ILS PARAMETROS,2022
574,SVO,ILS,12,Falta entregar: LH-DME ILS PARAMETROS-ILS PARAMETROS,2022
575,AEP,ILS,2,Falta entregar: LH-DME ILS PARAMETROS-ILS PARAMETROS,2022
576,AEP,ILS,3,Falta entregar: LH-DME ILS PARAMETROS-ILS PARAMETROS,2022
577,AEP,ILS,4,Falta entregar: LH-DME ILS PARAMETROS-ILS PARAMETROS,2022
578,AEP,ILS,5,Falta entregar: LH-DME ILS PARAMETROS-ILS PARAMETROS,2022
579,AEP,ILS,6,Falta entregar: LH-DME ILS PARAMETROS-ILS PARAMETROS,2022
580,AEP,ILS,7,Falta entregar: LH-DME ILS PARAMETROS-ILS PARAMETROS,2022
581,AEP,ILS,10,Falta entregar: LH-DME ILS PARAMETROS-ILS PARAMETROS,2022
582,AEP,ILS,11,Falta entregar: LH-DME ILS PARAMETROS-ILS PARAMETROS,2022
583,AEP,ILS,12,Falta entregar: LH-DME ILS PARAMETROS-ILS PARAMETROS,2022
584,BAR,ILS,3,Falta entregar: LH-DME ILS PARAMETROS-ILS PARAMETROS,2022
585,BAR,ILS,4,Falta entregar: LH-DME ILS PARAMETROS-ILS PARAMETROS,2022
586,BAR,ILS,5,Falta entregar: LH-DME ILS PARAMETROS-ILS PARAMETROS,2022
587,BAR,ILS,6,Falta entregar: LH-DME ILS PARAMETROS-ILS PARAMETROS,2022
588,BAR,ILS,7,Falta entregar: LH-DME ILS PARAMETROS-ILS PARAMETROS,2022
589,BAR,ILS,8,Falta entregar: LH-DME ILS PARAMETROS-ILS PARAMETROS,2022
590,BAR,ILS,9,Falta entregar: LH-DME ILS PARAMETROS-ILS PARAMETROS,2022
591,BAR,ILS,10,Falta entregar: LH-DME ILS PARAMETROS-ILS PARAMETROS,2022
592,BAR,ILS,11,Falta entregar: LH-DME ILS PARAMETROS-ILS PARAMETROS,2022
593,BAR,ILS,12,Falta entregar: LH-DME ILS PARAMETROS-ILS PARAMETROS,2022
594,BAR,VOR,1,Falta entregar: VOR PARAMETROS I-DME VOR PARAMETROS,2022
595,BAR,VOR,2,Falta entregar: LH-VOR PARAMETROS I-DME VOR PARAMETROS,2022
596,BAR,VOR,3,Falta entregar: LH-VOR PARAMETROS I-DME VOR PARAMETROS,2022
597,BAR,VOR,4,Falta entregar: LH-VOR PARAMETROS I-DME VOR PARAMETROS,2022
598,BAR,VOR,5,Falta entregar: LH-VOR PARAMETROS I-DME VOR PARAMETROS,2022
599,BAR,VOR,6,Falta entregar: LH-VOR PARAMETROS I-DME VOR PARAMETROS,2022
600,BAR,VOR,7,Falta entregar: LH-VOR PARAMETROS I-DME VOR PARAMETROS,2022
601,BAR,VOR,8,Falta entregar: LH-VOR PARAMETROS I-DME VOR PARAMETROS,2022
602,BAR,VOR,9,Falta entregar: LH-VOR PARAMETROS I-DME VOR PARAMETROS,2022
603,BAR,VOR,10,Falta entregar: LH-VOR PARAMETROS I-DME VOR PARAMETROS,2022
604,BAR,VOR,11,Falta entregar: LH-VOR PARAMETROS I-DME VOR PARAMETROS,2022
605,BAR,VOR,12,Falta entregar: LH-VOR PARAMETROS I-DME VOR PARAMETROS,2022
606,BAR,VOR,1-12,Falta entregar: 4 FOLIO/S VOR PARAMETROS II (trimestrales),2022
607,BCA,ILS,1,Falta entregar: DME ILS PARAMETROS,2022
608,BCA,ILS,2,Falta entregar: LH-DME ILS PARAMETROS-ILS PARAMETROS,2022
609,BCA,ILS,3,Falta entregar: LH-DME ILS PARAMETROS-ILS PARAMETROS,2022
610,BCA,ILS,5,Falta entregar: LH-DME ILS PARAMETROS-ILS PARAMETROS,2022
611,BCA,ILS,7,Falta entregar: LH-DME ILS PARAMETROS-ILS PARAMETROS,2022
612,BCA,ILS,8,Falta entregar: LH-DME ILS PARAMETROS-ILS PARAMETROS,2022
613,BCA,ILS,9,Falta entregar: LH-DME ILS PARAMETROS-ILS PARAMETROS,2022
614,BCA,ILS,10,Falta entregar: LH-DME ILS PARAMETROS-ILS PARAMETROS,2022
615,BCA,ILS,11,Falta entregar: LH-DME ILS PARAMETROS-ILS PARAMETROS,2022
616,BCA,ILS,12,Falta entregar: LH-DME ILS PARAMETROS-ILS PARAMETROS,2022
617,BCA,VOR,8,Falta entregar: LH-VOR PARAMETROS I-DME VOR PARAMETROS,2022
618,BCA,VOR,9,Falta entregar: LH-VOR PARAMETROS I-DME VOR PARAMETROS,2022
619,BCA,VOR,10,Falta entregar: LH-VOR PARAMETROS I-DME VOR PARAMETROS,2022
620,BCA,VOR,11,Falta entregar: LH-VOR PARAMETROS I-DME VOR PARAMETROS,2022
621,BCA,VOR,12,Falta entregar: LH-VOR PARAMETROS I-DME VOR PARAMETROS,2022
622,BCA,VOR,1-12,Falta entregar: 2 FOLIO/S VOR PARAMETROS II (trimestrales),2022
623,CHP,VOR,1,Falta entregar: LH-VOR PARAMETROS I-DME VOR PARAMETROS,2022
624,CHP,VOR,2,Falta entregar: LH-VOR PARAMETROS I-DME VOR PARAMETROS,2022
625,CHP,VOR,3,Falta entregar: LH-VOR PARAMETROS I-DME VOR PARAMETROS,2022
626,CHP,VOR,4,Falta entregar: LH-VOR PARAMETROS I-DME VOR PARAMETROS,2022
627,CHP,VOR,5,Falta entregar: LH-VOR PARAMETROS I-DME VOR PARAMETROS,2022
628,CHP,VOR,6,Falta entregar: LH-VOR PARAMETROS I-DME VOR PARAMETROS,2022
629,CHP,VOR,7,Falta entregar: LH-VOR PARAMETROS I-DME VOR PARAMETROS,2022
630,CHP,VOR,8,Falta entregar: LH-VOR PARAMETROS I-DME VOR PARAMETROS,2022
631,CHP,VOR,9,Falta entregar: LH-VOR PARAMETROS I-DME VOR PARAMETROS,2022
632,CHP,VOR,10,Falta entregar: LH-VOR PARAMETROS I-DME VOR PARAMETROS,2022
633,CHP,VOR,11,Falta entregar: LH-VOR PARAMETROS I-DME VOR PARAMETROS,2022
634,CHP,VOR,12,Falta entregar: LH-VOR PARAMETROS I-DME VOR PARAMETROS,2022
635,CHP,VOR,1-12,Falta entregar: 4 FOLIO/S VOR PARAMETROS II (trimestrales),2022
636,DIL,ILS,7,Falta entregar: LH,2022
637,DIL,ILS,8,Falta entregar: LH,2022
638,DIL,ILS,9,Falta entregar: LH,2022
639,DIL,ILS,10,Falta entregar: LH,2022
640,DIL,ILS,11,Falta entregar: LH,2022
641,DIL,ILS,12,Falta entregar: LH,2022
642,DIL,VOR,8,Falta entregar: LH-VOR PARAMETROS I-DME VOR PARAMETROS,2022
643,DIL,VOR,9,Falta entregar: LH-VOR PARAMETROS I-DME VOR PARAMETROS,2022
644,DIL,VOR,10,Falta entregar: LH-VOR PARAMETROS I-DME VOR PARAMETROS,2022
645,DIL,VOR,11,Falta entregar: LH-VOR PARAMETROS I-DME VOR PARAMETROS,2022
646,DIL,VOR,12,Falta entregar: LH-VOR PARAMETROS I-DME VOR PARAMETROS,2022
647,DIL,VOR,1-12,Falta entregar: 2 FOLIO/S VOR PARAMETROS II (trimestrales),2022
648,EZE RWY 11 29,ILS,7,Falta entregar: LH-DME ILS PARAMETROS-ILS PARAMETROS,2022
649,EZE RWY 11 29,ILS,9,Falta entregar: LH-DME ILS PARAMETROS-ILS PARAMETROS,2022
650,EZE RWY 11 29,ILS,10,Falta entregar: LH-DME ILS PARAMETROS-ILS PARAMETROS,2022
651,EZE RWY 11 29,ILS,11,Falta entregar: LH-DME ILS PARAMETROS-ILS PARAMETROS,2022
652,EZE RWY 11 29,ILS,12,Falta entregar: LH-DME ILS PARAMETROS-ILS PARAMETROS,2022
653,EZE RWY 11 29,LI,1,Falta entregar: LH-LI PARAMETROS,2022
654,EZE RWY 11 29,LI,2,Falta entregar: LH-LI PARAMETROS,2022
655,EZE RWY 11 29,LI,3,Falta entregar: LH-LI PARAMETROS,2022
656,EZE RWY 11 29,LI,4,Falta entregar: LH-LI PARAMETROS,2022
657,EZE RWY 11 29,LI,5,Falta entregar: LH-LI PARAMETROS,2022
658,EZE RWY 11 29,LI,6,Falta entregar: LH-LI PARAMETROS,2022
659,EZE RWY 11 29,LI,7,Falta entregar: LH-LI PARAMETROS,2022
660,EZE RWY 11 29,LI,8,Falta entregar: LH-LI PARAMETROS,2022
661,EZE RWY 11 29,LI,9,Falta entregar: LH-LI PARAMETROS,2022
662,EZE RWY 11 29,LI,10,Falta entregar: LH-LI PARAMETROS,2022
663,EZE RWY 11 29,LI,11,Falta entregar: LH-LI PARAMETROS,2022
664,EZE RWY 11 29,LI,12,Falta entregar: LH-LI PARAMETROS,2022
665,EZE RWY 17 35,ILS,7,Falta entregar: LH-DME ILS PARAMETROS-ILS PARAMETROS,2022
666,EZE RWY 17 35,ILS,9,Falta entregar: LH-DME ILS PARAMETROS-ILS PARAMETROS,2022
667,EZE RWY 17 35,ILS,10,Falta entregar: LH-DME ILS PARAMETROS-ILS PARAMETROS,2022
668,EZE RWY 17 35,ILS,11,Falta entregar: LH-DME ILS PARAMETROS-ILS PARAMETROS,2022
669,EZE RWY 17 35,ILS,12,Falta entregar: LH-DME ILS PARAMETROS-ILS PARAMETROS,2022
670,EZE VOR,VOR,1,Falta entregar: LH-VOR PARAMETROS I-DME VOR PARAMETROS,2022
671,EZE VOR,VOR,2,Falta entregar: LH-VOR PARAMETROS I-DME VOR PARAMETROS,2022
672,EZE VOR,VOR,3,Falta entregar: LH-VOR PARAMETROS I-DME VOR PARAMETROS,2022
673,EZE VOR,VOR,4,Falta entregar: LH-VOR PARAMETROS I-DME VOR PARAMETROS,2022
674,EZE VOR,VOR,5,Falta entregar: LH-VOR PARAMETROS I-DME VOR PARAMETROS,2022
675,EZE VOR,VOR,6,Falta entregar: LH-VOR PARAMETROS I-DME VOR PARAMETROS,2022
676,EZE VOR,VOR,7,Falta entregar: LH-VOR PARAMETROS I-DME VOR PARAMETROS,2022
677,EZE VOR,VOR,8,Falta entregar: LH-VOR PARAMETROS I-DME VOR PARAMETROS,2022
678,EZE VOR,VOR,9,Falta entregar: LH-VOR PARAMETROS I-DME VOR PARAMETROS,2022
679,EZE VOR,VOR,10,Falta entregar: LH-VOR PARAMETROS I-DME VOR PARAMETROS,2022
680,EZE VOR,VOR,11,Falta entregar: LH-VOR PARAMETROS I-DME VOR PARAMETROS,2022
681,EZE VOR,VOR,12,Falta entregar: LH-VOR PARAMETROS I-DME VOR PARAMETROS,2022
682,EZE VOR,VOR,1-12,Falta entregar: 4 FOLIO/S VOR PARAMETROS II (trimestrales),2022
683,FDO,ILS,1,Falta entregar: LH-DME ILS PARAMETROS-ILS PARAMETROS,2022
684,FDO,ILS,2,Falta entregar: LH-DME ILS PARAMETROS-ILS PARAMETROS,2022
685,FDO,ILS,3,Falta entregar: LH-DME ILS PARAMETROS-ILS PARAMETROS,2022
686,FDO,ILS,4,Falta entregar: LH-DME ILS PARAMETROS-ILS PARAMETROS,2022
687,FDO,ILS,5,Falta entregar: LH-DME ILS PARAMETROS-ILS PARAMETROS,2022
688,FDO,ILS,6,Falta entregar: LH-DME ILS PARAMETROS-ILS PARAMETROS,2022
689,FDO,ILS,7,Falta entregar: LH-DME ILS PARAMETROS-ILS PARAMETROS,2022
690,FDO,ILS,8,Falta entregar: LH-DME ILS PARAMETROS-ILS PARAMETROS,2022
691,FDO,ILS,9,Falta entregar: LH-DME ILS PARAMETROS-ILS PARAMETROS,2022
692,FDO,ILS,10,Falta entregar: LH-DME ILS PARAMETROS-ILS PARAMETROS,2022
693,FDO,ILS,11,Falta entregar: LH-DME ILS PARAMETROS-ILS PARAMETROS,2022
694,FDO,ILS,12,Falta entregar: LH-DME ILS PARAMETROS-ILS PARAMETROS,2022
695,FDO,VOR,1,Falta entregar: LH-VOR PARAMETROS I-DME VOR PARAMETROS,2022
696,FDO,VOR,2,Falta entregar: LH-VOR PARAMETROS I-DME VOR PARAMETROS,2022
697,FDO,VOR,3,Falta entregar: LH-VOR PARAMETROS I-DME VOR PARAMETROS,2022
698,FDO,VOR,4,Falta entregar: LH-VOR PARAMETROS I-DME VOR PARAMETROS,2022
699,FDO,VOR,5,Falta entregar: LH-VOR PARAMETROS I-DME VOR PARAMETROS,2022
700,FDO,VOR,6,Falta entregar: LH-VOR PARAMETROS I-DME VOR PARAMETROS,2022
701,FDO,VOR,7,Falta entregar: LH-VOR PARAMETROS I-DME VOR PARAMETROS,2022
702,FDO,VOR,8,Falta entregar: LH-VOR PARAMETROS I-DME VOR PARAMETROS,2022
703,FDO,VOR,9,Falta entregar: LH-VOR PARAMETROS I-DME VOR PARAMETROS,2022
704,FDO,VOR,10,Falta entregar: LH-VOR PARAMETROS I-DME VOR PARAMETROS,2022
705,FDO,VOR,11,Falta entregar: LH-VOR PARAMETROS I-DME VOR PARAMETROS,2022
706,FDO,VOR,12,Falta entregar: LH-VOR PARAMETROS I-DME VOR PARAMETROS,2022
707,FDO,VOR,1-12,Falta entregar: 4 FOLIO/S VOR PARAMETROS II (trimestrales),2022
708,GBE,VOR,8,Falta entregar: LH-VOR PARAMETROS I,2022
709,GBE,VOR,9,Falta entregar: LH-VOR PARAMETROS I,2022
710,GBE,VOR,10,Falta entregar: LH-VOR PARAMETROS I,2022
711,GBE,VOR,11,Falta entregar: LH-VOR PARAMETROS I,2022
712,GBE,VOR,12,Falta entregar: LH-VOR PARAMETROS I,2022
713,GBE,VOR,1-12,Falta entregar: 2 FOLIO/S VOR PARAMETROS II (trimestrales),2022
714,GPI,LI,1,Falta entregar: LH-LI PARAMETROS,2022
715,GPI,LI,2,Falta entregar: LH-LI PARAMETROS,2022
716,GPI,LI,5,Falta entregar: LH-LI PARAMETROS,2022
717,GPI,LI,6,Falta entregar: LH-LI PARAMETROS,2022
718,GPI,LI,7,Falta entregar: LI PARAMETROS,2022
719,GPI,LI,8,Falta entregar: LH-LI PARAMETROS,2022
720,GPI,LI,10,Falta entregar: LH-LI PARAMETROS,2022
721,GPI,LI,11,Falta entregar: LH-LI PARAMETROS,2022
722,GPI,LI,12,Falta entregar: LH-LI PARAMETROS,2022
723,GPI,VOR,9,Falta entregar: VOR PARAMETROS I,2022
724,GPI,VOR,10,Falta entregar: LH-VOR PARAMETROS I,2022
725,GPI,VOR,11,Falta entregar: LH-VOR PARAMETROS I,2022
726,GPI,VOR,12,Falta entregar: LH-VOR PARAMETROS I,2022
727,GPI,VOR,1-12,Falta entregar: 2 FOLIO/S VOR PARAMETROS II (trimestrales),2022
728,GUA,VOR,1,Falta entregar: LH-VOR PARAMETROS I-DME VOR PARAMETROS,2022
729,GUA,VOR,2,Falta entregar: LH-VOR PARAMETROS I-DME VOR PARAMETROS,2022
730,GUA,VOR,3,Falta entregar: LH-VOR PARAMETROS I-DME VOR PARAMETROS,2022
731,GUA,VOR,4,Falta entregar: LH-VOR PARAMETROS I-DME VOR PARAMETROS,2022
732,GUA,VOR,5,Falta entregar: LH-VOR PARAMETROS I-DME VOR PARAMETROS,2022
733,GUA,VOR,6,Falta entregar: LH-VOR PARAMETROS I-DME VOR PARAMETROS,2022
734,GUA,VOR,7,Falta entregar: LH-VOR PARAMETROS I-DME VOR PARAMETROS,2022
735,GUA,VOR,8,Falta entregar: LH-VOR PARAMETROS I-DME VOR PARAMETROS,2022
736,GUA,VOR,9,Falta entregar: LH-VOR PARAMETROS I-DME VOR PARAMETROS,2022
737,GUA,VOR,10,Falta entregar: LH-VOR PARAMETROS I-DME VOR PARAMETROS,2022
738,GUA,VOR,11,Falta entregar: LH-VOR PARAMETROS I-DME VOR PARAMETROS,2022
739,GUA,VOR,12,Falta entregar: LH-VOR PARAMETROS I-DME VOR PARAMETROS,2022
740,GUA,VOR,1-12,Falta entregar: 4 FOLIO/S VOR PARAMETROS II (trimestrales),2022
741,LYE,VOR,7,Falta entregar: LH-VOR PARAMETROS I,2022
742,LYE,VOR,8,Falta entregar: LH-VOR PARAMETROS I,2022
743,LYE,VOR,9,Falta entregar: LH-VOR PARAMETROS I,2022
744,LYE,VOR,10,Falta entregar: LH-VOR PARAMETROS I,2022
745,LYE,VOR,11,Falta entregar: LH-VOR PARAMETROS I,2022
746,LYE,VOR,12,Falta entregar: LH-VOR PARAMETROS I,2022
747,LYE,VOR,1-12,Falta entregar: 2 FOLIO/S VOR PARAMETROS II (trimestrales),2022
748,MDP,ILS,1,Falta entregar: LH-DME ILS PARAMETROS-ILS PARAMETROS,2022
749,MDP,ILS,2,Falta entregar: LH-DME ILS PARAMETROS-ILS PARAMETROS,2022
750,MDP,ILS,3,Falta entregar: LH-DME ILS PARAMETROS-ILS PARAMETROS,2022
751,MDP,ILS,5,Falta entregar: LH-DME ILS PARAMETROS-ILS PARAMETROS,2022
752,MDP,ILS,6,Falta entregar: LH-DME ILS PARAMETROS-ILS PARAMETROS,2022
753,MDP,ILS,7,Falta entregar: LH-DME ILS PARAMETROS-ILS PARAMETROS,2022
754,MDP,ILS,8,Falta entregar: LH-DME ILS PARAMETROS-ILS PARAMETROS,2022
755,MDP,ILS,9,Falta entregar: LH-DME ILS PARAMETROS-ILS PARAMETROS,2022
756,MDP,ILS,10,Falta entregar: LH-DME ILS PARAMETROS-ILS PARAMETROS,2022
757,MDP,ILS,11,Falta entregar: LH-DME ILS PARAMETROS-ILS PARAMETROS,2022
758,MDP,ILS,12,Falta entregar: LH-DME ILS PARAMETROS-ILS PARAMETROS,2022
759,MDP,VOR,1,Falta entregar: VOR PARAMETROS I-DME VOR PARAMETROS,2022
760,MDP,VOR,2,Falta entregar: LH-VOR PARAMETROS I-DME VOR PARAMETROS,2022
761,MDP,VOR,3,Falta entregar: LH-VOR PARAMETROS I-DME VOR PARAMETROS,2022
762,MDP,VOR,4,Falta entregar: VOR PARAMETROS I-DME VOR PARAMETROS,2022
763,MDP,VOR,5,Falta entregar: LH-VOR PARAMETROS I-DME VOR PARAMETROS,2022
764,MDP,VOR,6,Falta entregar: LH-VOR PARAMETROS I-DME VOR PARAMETROS,2022
765,MDP,VOR,7,Falta entregar: LH-VOR PARAMETROS I-DME VOR PARAMETROS,2022
766,MDP,VOR,8,Falta entregar: LH-VOR PARAMETROS I-DME VOR PARAMETROS,2022
767,MDP,VOR,9,Falta entregar: LH-VOR PARAMETROS I-DME VOR PARAMETROS,2022
768,MDP,VOR,10,Falta entregar: LH-VOR PARAMETROS I-DME VOR PARAMETROS,2022
769,MDP,VOR,11,Falta entregar: LH-VOR PARAMETROS I-DME VOR PARAMETROS,2022
770,MDP,VOR,12,Falta entregar: LH-VOR PARAMETROS I-DME VOR PARAMETROS,2022
771,MDP,VOR,1-12,Falta entregar: 4 FOLIO/S VOR PARAMETROS II (trimestrales),2022
772,NEU,ILS,7,Falta entregar: DME ILS PARAMETROS-ILS PARAMETROS,2022
773,NEU,ILS,8,Falta entregar: LH-DME ILS PARAMETROS-ILS PARAMETROS,2022
774,NEU,VOR,8,Falta entregar: LH-VOR PARAMETROS I-DME VOR PARAMETROS,2022
775,NIN,VOR,1,Falta entregar: LH-VOR PARAMETROS I,2022
776,NIN,VOR,2,Falta entregar: LH-VOR PARAMETROS I,2022
777,NIN,VOR,5,Falta entregar: LH-VOR PARAMETROS I,2022
778,NIN,VOR,6,Falta entregar: LH-VOR PARAMETROS I,2022
779,NIN,VOR,8,Falta entregar: LH-VOR PARAMETROS I,2022
780,NIN,VOR,9,Falta entregar: LH-VOR PARAMETROS I,2022
781,NIN,VOR,10,Falta entregar: LH-VOR PARAMETROS I,2022
782,NIN,VOR,11,Falta entregar: LH-VOR PARAMETROS I,2022
783,NIN,VOR,12,Falta entregar: LH-VOR PARAMETROS I,2022
784,NIN,VOR,1-12,Falta entregar: 2 FOLIO/S VOR PARAMETROS II (trimestrales),2022
785,OEL,VOR,7,Falta entregar: DME VOR PARAMETROS,2022
786,OEL,VOR,8,Falta entregar: LH-VOR PARAMETROS I-DME VOR PARAMETROS,2022
787,OEL,VOR,10,Falta entregar: VOR PARAMETROS I,2022
788,OEL,VOR,12,Falta entregar: VOR PARAMETROS I-DME VOR PARAMETROS,2022
789,OEL,VOR,1-12,Falta entregar: 1 FOLIO/S VOR PARAMETROS II (trimestrales),2022
790,OSA,ILS,4,Falta entregar: DME ILS PARAMETROS-ILS PARAMETROS,2022
791,OSA,ILS,5,Falta entregar: LH-DME ILS PARAMETROS-ILS PARAMETROS,2022
792,OSA,ILS,6,Falta entregar: LH-DME ILS PARAMETROS-ILS PARAMETROS,2022
793,OSA,VOR,7,Falta entregar: LH-VOR PARAMETROS I,2022
794,PAL,ILS,2,Falta entregar: LH-DME ILS PARAMETROS-ILS PARAMETROS,2022
795,PAL,ILS,3,Falta entregar: LH-DME ILS PARAMETROS-ILS PARAMETROS,2022
796,PAL,ILS,4,Falta entregar: ILS PARAMETROS,2022
797,PAL,ILS,5,Falta entregar: LH-DME ILS PARAMETROS-ILS PARAMETROS,2022
798,PAL,ILS,6,Falta entregar: LH-DME ILS PARAMETROS-ILS PARAMETROS,2022
799,PAL,ILS,7,Falta entregar: LH-DME ILS PARAMETROS-ILS PARAMETROS,2022
800,PAL,ILS,9,Falta entregar: LH-DME ILS PARAMETROS-ILS PARAMETROS,2022
801,PAL,ILS,10,Falta entregar: LH-DME ILS PARAMETROS-ILS PARAMETROS,2022
802,PAL,ILS,11,Falta entregar: LH-DME ILS PARAMETROS-ILS PARAMETROS,2022
803,PAL,ILS,12,Falta entregar: LH-DME ILS PARAMETROS-ILS PARAMETROS,2022
804,PAL,VOR,1,Falta entregar: VOR PARAMETROS I,2022
805,PAL,VOR,2,Falta entregar: LH-VOR PARAMETROS I-DME VOR PARAMETROS,2022
806,PAL,VOR,3,Falta entregar: LH-VOR PARAMETROS I-DME VOR PARAMETROS,2022
807,PAL,VOR,4,Falta entregar: VOR PARAMETROS I,2022
808,PAL,VOR,5,Falta entregar: LH-VOR PARAMETROS I-DME VOR PARAMETROS,2022
809,PAL,VOR,6,Falta entregar: LH-VOR PARAMETROS I-DME VOR PARAMETROS,2022
810,PAL,VOR,7,Falta entregar: LH-VOR PARAMETROS I-DME VOR PARAMETROS,2022
811,PAL,VOR,8,Falta entregar: VOR PARAMETROS I-DME VOR PARAMETROS,2022
812,PAL,VOR,9,Falta entregar: LH-VOR PARAMETROS I-DME VOR PARAMETROS,2022
813,PAL,VOR,10,Falta entregar: LH-VOR PARAMETROS I-DME VOR PARAMETROS,2022
814,PAL,VOR,11,Falta entregar: LH-VOR PARAMETROS I-DME VOR PARAMETROS,2022
815,PAL,VOR,12,Falta entregar: LH-VOR PARAMETROS I-DME VOR PARAMETROS,2022
816,PAL,VOR,1-12,Falta entregar: 4 FOLIO/S VOR PARAMETROS II (trimestrales),2022
817,PAR,ILS,8,Falta entregar: LH-DME ILS PARAMETROS-ILS PARAMETROS,2022
818,PAR,ILS,9,Falta entregar: LH-DME ILS PARAMETROS-ILS PARAMETROS,2022
819,PAR,ILS,10,Falta entregar: LH-DME ILS PARAMETROS-ILS PARAMETROS,2022
820,PAR,ILS,11,Falta entregar: LH-DME ILS PARAMETROS-ILS PARAMETROS,2022
821,PAR,ILS,12,Falta entregar: LH-DME ILS PARAMETROS-ILS PARAMETROS,2022
822,PAR,VOR,8,Falta entregar: LH-VOR PARAMETROS I-DME VOR PARAMETROS,2022
823,PAR,VOR,9,Falta entregar: LH-VOR PARAMETROS I-DME VOR PARAMETROS,2022
824,PAR,VOR,10,Falta entregar: LH-VOR PARAMETROS I-DME VOR PARAMETROS,2022
825,PAR,VOR,11,Falta entregar: LH-VOR PARAMETROS I-DME VOR PARAMETROS,2022
826,PAR,VOR,12,Falta entregar: LH-VOR PARAMETROS I-DME VOR PARAMETROS,2022
827,PAR,VOR,1-12,Falta entregar: 3 FOLIO/S VOR PARAMETROS II (trimestrales),2022
828,PTA,VOR,8,Falta entregar: LH-VOR PARAMETROS I,2022
829,PTA,VOR,9,Falta entregar: LH-VOR PARAMETROS I,2022
830,PTA,VOR,10,Falta entregar: LH-VOR PARAMETROS I,2022
831,PTA,VOR,11,Falta entregar: LH-VOR PARAMETROS I,2022
832,PTA,VOR,12,Falta entregar: LH-VOR PARAMETROS I,2022
833,PTA,VOR,1-12,Falta entregar: 2 FOLIO/S VOR PARAMETROS II (trimestrales),2022
834,ROS,ILS,7,Falta entregar: DME ILS PARAMETROS,2022
835,ROS,ILS,8,Falta entregar: DME ILS PARAMETROS,2022
836,ROS,ILS,11,Falta entregar: LH-DME ILS PARAMETROS-ILS PARAMETROS,2022
837,ROS,ILS,12,Falta entregar: LH-DME ILS PARAMETROS-ILS PARAMETROS,2022
838,ROS,VOR,1,Falta entregar: DME VOR PARAMETROS,2022
839,ROS,VOR,2,Falta entregar: DME VOR PARAMETROS,2022
840,ROS,VOR,3,Falta entregar: DME VOR PARAMETROS,2022
841,ROS,VOR,4,Falta entregar: DME VOR PARAMETROS,2022
842,ROS,VOR,5,Falta entregar: DME VOR PARAMETROS,2022
843,ROS,VOR,6,Falta entregar: DME VOR PARAMETROS,2022
844,ROS,VOR,7,Falta entregar: DME VOR PARAMETROS,2022
845,ROS,VOR,8,Falta entregar: DME VOR PARAMETROS,2022
846,ROS,VOR,9,Falta entregar: DME VOR PARAMETROS,2022
847,ROS,VOR,10,Falta entregar: DME VOR PARAMETROS,2022
848,ROS,VOR,11,Falta entregar: LH-VOR PARAMETROS I-DME VOR PARAMETROS,2022
849,ROS,VOR,12,Falta entregar: LH-VOR PARAMETROS I-DME VOR PARAMETROS,2022
850,ROS,VOR,1-12,Falta entregar: 1 FOLIO/S VOR PARAMETROS II (trimestrales),2022
851,SNT,VOR,8,Falta entregar: LH-VOR PARAMETROS I-DME VOR PARAMETROS,2022
852,SNT,VOR,9,Falta entregar: LH-VOR PARAMETROS I-DME VOR PARAMETROS,2022
853,SNT,VOR,10,Falta entregar: LH-VOR PARAMETROS I-DME VOR PARAMETROS,2022
854,SNT,VOR,11,Falta entregar: LH-VOR PARAMETROS I-DME VOR PARAMETROS,2022
855,SNT,VOR,12,Falta entregar: LH-VOR PARAMETROS I-DME VOR PARAMETROS,2022
856,SNT,VOR,1-12,Falta entregar: 2 FOLIO/S VOR PARAMETROS II (trimestrales),2022
857,SVO,ILS,8,Falta entregar: LH-DME ILS PARAMETROS-ILS PARAMETROS,2022
858,SVO,ILS,9,Falta entregar: LH-DME ILS PARAMETROS-ILS PARAMETROS,2022
859,SVO,ILS,10,Falta entregar: LH-DME ILS PARAMETROS-ILS PARAMETROS,2022
860,SVO,ILS,11,Falta entregar: LH-DME ILS PARAMETROS-ILS PARAMETROS,2022
861,SVO,ILS,12,Falta entregar: LH-DME ILS PARAMETROS-ILS PARAMETROS,2022
