REPORTE NAV: REGISTROS EXISTENTES		-		FECHA,2023-04-19
Id, Aeropuerto, Sistema, Mes, Archivos, Año
1,AEP,ILS,2023.01.01 AEP ILS INFORMACION PENDIENTE,2023,EZE
2,BAR,ILS,2023.01.01 BAR ILS INFORMACION PENDIENTE,2023,EZE
3,BAR,VOR,2023.01.01 BAR VOR INFORMACION PENDIENTE,2023,EZE
4,BCA,ILS,2023.01.01 BCA ILS INFORMACION PENDIENTE,2023,EZE
5,BCA,VOR,2023.01.01 BCA VOR INFORMACION PENDIENTE,2023,EZE
6,CAT,VOR,2023.01.30 CAT VOR LH30.pdf,2023,CBA
7,CAT,VOR,2023.01.30 CAT VOR PARAMETROS I 21.pdf,2023,CBA
8,CAT,VOR,2023.01.30 CAT VOR PARAMETROS II 04.pdf,2023,CBA
9,CAT,VOR,2023.02.28 CAT DME VOR PARAMETROS 02.pdf,2023,CBA
10,CAT,VOR,2023.02.28 CAT VOR LH31.pdf,2023,CBA
11,CAT,VOR,2023.02.28 CAT VOR PARAMETROS I 22.pdf,2023,CBA
12,CAT,VOR,2023.03.08 CAT VOR LH32.pdf,2023,CBA
13,CAT,VOR,2023.03.27 CAT DME VOR PARAMETROS 03.pdf,2023,CBA
14,CAT,VOR,2023.03.27 CAT VOR LH33.pdf,2023,CBA
15,CAT,VOR,2023.03.27 CAT VOR PARAMETROS I 23.pdf,2023,CBA
16,CBA,ILS,2023.01.12 CBA ILS LH26.jpg,2023,CBA
17,CBA,ILS,2023.02.07 CBA DME ILS PARAMETROS 23.jpg,2023,CBA
18,CBA,ILS,2023.02.07 CBA ILS LH27.jpg,2023,CBA
19,CBA,ILS,2023.02.07 CBA ILS PARAMETROS 27.jpg,2023,CBA
20,CBA,ILS,2023.03.07 CBA DME ILS PARAMETROS 24.jpg,2023,CBA
21,CBA,ILS,2023.03.07 CBA ILS LH28.jpg,2023,CBA
22,CBA,ILS,2023.03.07 CBA ILS PARAMETROS 28.jpg,2023,CBA
23,CBA,VOR,2023.01.23 CBA VOR LH12.jpg,2023,CBA
24,CHP,VOR,2023.01.01 CHP VOR INFORMACION PENDIENTE,2023,EZE
25,CRR,ILS,2023.01.13 CRR DME ILS PARAMETROS 17.pdf,2023,SIS
26,CRR,ILS,2023.01.13 CRR ILS LH20.pdf,2023,SIS
27,CRR,ILS,2023.01.13 CRR ILS PARAMETROS 18.pdf,2023,SIS
28,CRR,VOR,2023.01.01 CRR VOR INFORMACION PENDIENTE,2023,SIS
29,CRV,ILS,2022.02.22 CRV ILS LH01.pdf,2023,CRV
30,CRV,ILS,2023.01.25 CRV ILS LH25.pdf,2023,CRV
31,CRV,ILS,2023.01.25 CRV ILS PARAMETROS 21.pdf,2023,CRV
32,CRV,ILS,2023.02.22 CRV DME ILS PARAMETROS 22.pdf,2023,CRV
33,CRV,ILS,2023.02.22 CRV ILS PARAMETROS 22.pdf,2023,CRV
34,CRV,ILS,2023.03.28 CRV DME ILS PARAMETROS 23.pdf,2023,CRV
35,CRV,ILS,2023.03.28 CRV ILS LH02.pdf,2023,CRV
36,CRV,ILS,2023.03.28 CRV ILS PARAMETROS 23.pdf,2023,CRV
37,CRV,VOR,2023.01.25 CRV DME VOR PARAMETROS 18.pdf,2023,CRV
38,CRV,VOR,2023.01.25 CRV VOR LH18.pdf,2023,CRV
39,CRV,VOR,2023.01.25 CRV VOR PARAMETROS I 18.pdf,2023,CRV
40,CRV,VOR,2023.02.22 CRV DME VOR PARAMETROS 19.pdf,2023,CRV
41,CRV,VOR,2023.02.22 CRV VOR LH19.pdf,2023,CRV
42,CRV,VOR,2023.02.22 CRV VOR PARAMETROS I 19.pdf,2023,CRV
43,CRV,VOR,2023.03.28 CRV DME VOR PARAMETROS 20.pdf,2023,CRV
44,CRV,VOR,2023.03.28 CRV VOR LH20.pdf,2023,CRV
45,CRV,VOR,2023.03.28 CRV VOR PARAMETROS I 20.pdf,2023,CRV
46,DIL,ILS,2023.01.01 DIL ILS INFORMACION PENDIENTE,2023,EZE
47,DIL,VOR,2023.01.01 DIL VOR INFORMACION PENDIENTE,2023,EZE
48,DOZ,ILS,2023.01.07 DOZ ILS LH11.pdf,2023,DOZ
49,DOZ,ILS,2023.01.10 DOZ ILS LH12.pdf,2023,DOZ
50,DOZ,ILS,2023.01.21 DOZ ILS LH13.pdf,2023,DOZ
51,DOZ,ILS,2023.01.26 DOZ ILS LH14.pdf,2023,DOZ
52,DOZ,ILS,2023.01.30 DOZ ILS LH15.pdf,2023,DOZ
53,DOZ,ILS,2023.02.03 DOZ ILS LH16.pdf,2023,DOZ
54,DOZ,ILS,2023.02.07 DOZ ILS LH17.pdf,2023,DOZ
55,DOZ,ILS,2023.02.08 DOZ ILS LH18.pdf,2023,DOZ
56,DOZ,ILS,2023.02.09 DOZ ILS LH19.pdf,2023,DOZ
57,DOZ,ILS,2023.02.10 DOZ ILS LH20.pdf,2023,DOZ
58,DOZ,ILS,2023.02.14 DOZ ILS LH21.pdf,2023,DOZ
59,DOZ,ILS,2023.02.15 DOZ ILS LH22.pdf,2023,DOZ
60,DOZ,ILS,2023.02.28 DOZ ILS LH23.pdf,2023,DOZ
61,DOZ,VOR,2023.01.09 DOZ VOR LH01.pdf,2023,DOZ
62,DOZ,VOR,2023.02.15 DOZ VOR LH02.pdf,2023,DOZ
63,DOZ,VOR,2023.02.19 DOZ VOR LH03.pdf,2023,DOZ
64,DRY,VOR,2023.02.01 DRY VOR LH41.jpg,2023,CRV
65,DRY,VOR,2023.02.07 DRY VOR LH42.jpg,2023,CRV
66,DRY,VOR,2023.02.14 DRY VOR LH43.jpg,2023,CRV
67,DRY,VOR,2023.02.23 DRY VOR LH44.jpg,2023,CRV
68,DRY,VOR,2023.03.30 DRY VOR LH48.jpg,2023,CRV
69,ECA,ILS,2023.02.08 ECA DME ILS PARAMETROS 07.jpg,2023,CRV
70,ECA,ILS,2023.02.08 ECA ILS LH09.jpg,2023,CRV
71,ECA,ILS,2023.02.08 ECA ILS PARAMETROS 07.jpg,2023,CRV
72,ECA,ILS,2023.03.28 ECA DME ILS PARAMETROS 08.jpg,2023,CRV
73,ECA,ILS,2023.03.28 ECA ILS LH10.jpg,2023,CRV
74,ECA,VOR,2023.01.04 ECA VOR PARAMETROS I 18.jpg,2023,CRV
75,ECA,VOR,2023.02.08 ECA DME VOR PARAMETROS 19.jpg,2023,CRV
76,ECA,VOR,2023.02.08 ECA VOR LH20.jpg,2023,CRV
77,ECA,VOR,2023.03.28 ECA DME VOR PARAMETROS 20.jpg,2023,CRV
78,ECA,VOR,2023.03.28 ECA VOR LH22.jpg,2023,CRV
79,ERE,VOR,2023.01.04 ERE DME VOR PARAMETROS 11.pdf,2023,CBA
80,ERE,VOR,2023.01.04 ERE VOR PARAMETROS I 13.pdf,2023,CBA
81,ERE,VOR,2023.01.04 ERE VOR PARAMETROS II 04.pdf,2023,CBA
82,ERE,VOR,2023.01.05 ERE VOR LH16.pdf,2023,CBA
83,ERE,VOR,2023.02.02 ERE DME VOR PARAMETROS 12.pdf,2023,CBA
84,ERE,VOR,2023.02.02 ERE VOR LH17.pdf,2023,CBA
85,ERE,VOR,2023.02.02 ERE VOR PARAMETROS I 14.pdf,2023,CBA
86,ERE,VOR,2023.03.02 ERE DME VOR PARAMETROS 13.pdf,2023,CBA
87,ERE,VOR,2023.03.02 ERE VOR LH18.pdf,2023,CBA
88,ERE,VOR,2023.03.02 ERE VOR PARAMETROS I 15.pdf,2023,CBA
89,ESQ,ILS,2023.02.16 ESQ ILS LH11.jfif,2023,CRV
90,ESQ,ILS,2023.03.16 ESQ DME ILS PARAMETROS 11.jpg,2023,CRV
91,ESQ,ILS,2023.03.16 ESQ ILS LH12.jpg,2023,CRV
92,ESQ,ILS,2023.03.16 ESQ ILS PARAMETROS 11.jpg,2023,CRV
93,ESQ,VOR,2023.02.23 ESQ VOR LH31.jfif,2023,CRV
94,ESQ,VOR,2023.03.12 ESQ VOR LH32.jpg,2023,CRV
95,ESQ,VOR,2023.03.16 ESQ VOR LH33.jpg,2023,CRV
96,EZE RWY 11 29,ILS,2023.01.01 EZE RWY 11 29 ILS INFORMACION PENDIENTE,2023,EZE
97,EZE RWY 17 35,ILS,2023.01.01 EZE RWY 17 35 ILS INFORMACION PENDIENTE,2023,EZE
98,EZE VOR,VOR,2023.01.01 EZE VOR VOR INFORMACION PENDIENTE,2023,EZE
99,FDO,ILS,2023.01.01 FDO ILS INFORMACION PENDIENTE,2023,EZE
100,FDO,VOR,2023.01.01 FDO VOR INFORMACION PENDIENTE,2023,EZE
101,FSA,ILS,2023.01.10 FSA DME ILS PARAMETROS 20.pdf,2023,SIS
102,FSA,ILS,2023.01.10 FSA ILS LH29.pdf,2023,SIS
103,FSA,ILS,2023.01.11 FSA ILS LH30.pdf,2023,SIS
104,FSA,ILS,2023.01.31 FSA DME ILS PARAMETROS 21.pdf,2023,SIS
105,FSA,ILS,2023.01.31 FSA ILS PARAMETROS 21.pdf,2023,SIS
106,FSA,VOR,2023.01.10 FSA DME VOR PARAMETROS 14.pdf,2023,SIS
107,FSA,VOR,2023.01.10 FSA VOR LH38.pdf,2023,SIS
108,FSA,VOR,2023.01.10 FSA VOR PARAMETROS I 10.pdf,2023,SIS
109,FSA,VOR,2023.01.10 FSA VOR PARAMETROS II 08.pdf,2023,SIS
110,FSA,VOR,2023.01.12 FSA VOR LH39.pdf,2023,SIS
111,FSA,VOR,2023.01.13 FSA VOR LH40.pdf,2023,SIS
112,FSA,VOR,2023.01.31 FSA VOR LH41.pdf,2023,SIS
113,FSA,VOR,2023.01.31 FSA VOR PARAMETROS I 11.pdf,2023,SIS
114,GAL,ILS,2023.02.09 GAL DME ILS PARAMETROS 21.pdf,2023,CRV
115,GAL,ILS,2023.02.09 GAL ILS LH17.pdf,2023,CRV
116,GAL,ILS,2023.02.09 GAL ILS PARAMETROS 13.pdf,2023,CRV
117,GAL,VOR,2023.02.09 GAL DME VOR PARAMETROS 20.pdf,2023,CRV
118,GAL,VOR,2023.02.09 GAL VOR LH21.pdf,2023,CRV
119,GAL,VOR,2023.02.09 GAL VOR PARAMETROS I SN.pdf,2023,CRV
120,GBE,VOR,2023.01.01 GBE VOR INFORMACION PENDIENTE,2023,EZE
121,GNR,NDB,2023.01.01 GNR NDB LHSN.pdf,2023,EZE
122,GNR,NDB,2023.02.01 GNR NDB LHSN.pdf,2023,EZE
123,GPI,LI,2023.01.01 GPI LI INFORMACION PENDIENTE,2023,EZE
124,GPI,VOR,2023.01.01 GPI VOR INFORMACION PENDIENTE,2023,EZE
125,GRA,ILS,2023.02.24 GRA ILS LH15.pdf,2023,CRV
126,GRA,VOR,2023.02.24 GRA VOR LH17.pdf,2023,CRV
127,GUA,VOR,2023.01.01 GUA VOR INFORMACION PENDIENTE,2023,EZE
128,IGU,ILS,2023.01.24 IGU DME ILS PARAMETROS 25.pdf,2023,SIS
129,IGU,ILS,2023.01.24 IGU ILS LH23.pdf,2023,SIS
130,IGU,ILS,2023.01.24 IGU ILS PARAMETROS 21.pdf,2023,SIS
131,IGU,VOR,2023.01.22 IGU VOR LH25.pdf,2023,SIS
132,JUA,ILS,2023.01.17 JUA ILS LH38.pdf,2023,DOZ
133,JUA,ILS,2023.01.26 JUA GP PARAMETROS POUT.pdf,2023,DOZ
134,JUA,ILS,2023.01.26 JUA ILS LH39.pdf,2023,DOZ
135,JUA,ILS,2023.01.31 JUA DME ILS PARAMETROS 02.pdf,2023,DOZ
136,JUA,ILS,2023.01.31 JUA ILS LH40.pdf,2023,DOZ
137,JUA,ILS,2023.01.31 JUA ILS PARAMETROS 03.pdf,2023,DOZ
138,JUA,ILS,2023.01.31 JUA LOC PARAMETROS POUT.pdf,2023,DOZ
139,JUA,ILS,2023.02.09 JUA ILS LH41.pdf,2023,DOZ
140,JUA,ILS,2023.02.17 JUA ILS LH42.pdf,2023,DOZ
141,JUA,ILS,2023.02.24 JUA ILS LH43.pdf,2023,DOZ
142,JUA,VOR,2023.01.09 JUA VOR LH15.pdf,2023,DOZ
143,JUA,VOR,2023.01.17 JUA VOR LH16.pdf,2023,DOZ
144,JUA,VOR,2023.01.26 JUA VOR LH17.pdf,2023,DOZ
145,JUA,VOR,2023.01.31 JUA DME VOR PARAMETROS 02.pdf,2023,DOZ
146,JUA,VOR,2023.01.31 JUA VOR LH18.pdf,2023,DOZ
147,JUA,VOR,2023.01.31 JUA VOR PARAMETROS I 02.pdf,2023,DOZ
148,JUA,VOR,2023.02.09 JUA VOR LH19.pdf,2023,DOZ
149,JUA,VOR,2023.02.17 JUA VOR LH20.pdf,2023,DOZ
150,JUA,VOR,2023.02.24 JUA VOR LH21.pdf,2023,DOZ
151,JUJ,ILS,2023.02.03 JUJ ILS LH13.pdf,2023,CBA
152,JUJ,ILS,2023.02.10 JUJ ILS LH14.pdf,2023,CBA
153,JUJ,ILS,2023.02.16 JUJ ILS LH15.pdf,2023,CBA
154,JUJ,ILS,2023.02.21 JUJ DME ILS PARAMETROS 25.pdf,2023,CBA
155,JUJ,ILS,2023.02.21 JUJ ILS LH16.pdf,2023,CBA
156,JUJ,ILS,2023.02.21 JUJ ILS PARAMETROS 28.pdf,2023,CBA
157,JUJ,ILS,2023.02.22 JUJ ILS PARAMETROS 4.1.pdf,2023,CBA
158,JUJ,ILS,2023.02.22 JUJ ILS PARAMETROS 4.2.pdf,2023,CBA
159,JUJ,ILS,2023.03.16 JUJ ILS LH19.pdf,2023,CBA
160,JUJ,ILS,2023.03.21 JUJ ILS LH20.pdf,2023,CBA
161,JUJ,ILS,2023.03.24 JUJ ILS LH21.pdf,2023,CBA
162,JUJ,ILS,2023.03.29 JUJ DME ILS PARAMETROS 23.pdf,2023,CBA
163,JUJ,ILS,2023.03.29 JUJ ILS LH22.pdf,2023,CBA
164,JUJ,ILS,2023.03.29 JUJ ILS PARAMETROS 29.pdf,2023,CBA
165,JUJ,ILS,2023.03.29 JUJ ILS PARAMETROS A4.1.pdf,2023,CBA
166,JUJ,ILS,2023.03.29 JUJ ILS PARAMETROS A4.2.pdf,2023,CBA
167,JUJ,VOR,2023.02.21 JUJ DME VOR PARAMETROS 20.pdf,2023,CBA
168,JUJ,VOR,2023.02.21 JUJ VOR LH37.pdf,2023,CBA
169,JUJ,VOR,2023.02.21 JUJ VOR PARAMETROS I 23.pdf,2023,CBA
170,JUJ,VOR,2023.03.21 JUJ DME VOR PARAMETROS 21.pdf,2023,CBA
171,JUJ,VOR,2023.03.21 JUJ VOR LH38.pdf,2023,CBA
172,JUJ,VOR,2023.03.21 JUJ VOR PARAMETROS I 24.pdf,2023,CBA
173,LAR,ILS,2023.01.17 LAR DME ILS PARAMETROS 20.jpg,2023,CBA
174,LAR,ILS,2023.01.17 LAR ILS LH 09.jpg,2023,CBA
175,LAR,ILS,2023.01.17 LAR ILS PARAMETROS 21.jpg,2023,CBA
176,LAR,ILS,2023.02.28 LAR DME ILS PARAMETROS 21.jpg,2023,CBA
177,LAR,ILS,2023.02.28 LAR ILS LH10.jpg,2023,CBA
178,LAR,ILS,2023.02.28 LAR ILS PARAMETROS 22.jpg,2023,CBA
179,LAR,ILS,2023.03.15 LAR DME ILS PARAMETROS 22.jpg,2023,CBA
180,LAR,ILS,2023.03.15 LAR ILS LH11.jpg,2023,CBA
181,LAR,ILS,2023.03.15 LAR ILS PARAMETROS 23.jpg,2023,CBA
182,LAR,VOR,2023.01.31 LAR DME VOR PARAMETROS 26.jpg,2023,CBA
183,LAR,VOR,2023.01.31 LAR VOR LH26.jpg,2023,CBA
184,LAR,VOR,2023.01.31 LAR VOR PARAMETROS I 25.jpg,2023,CBA
185,LAR,VOR,2023.02.28 LAR DME VOR PARAMETROS 27.jpg,2023,CBA
186,LAR,VOR,2023.02.28 LAR VOR LH27.jpg,2023,CBA
187,LAR,VOR,2023.02.28 LAR VOR PARAMETROS I 26.jpg,2023,CBA
188,LAR,VOR,2023.03.25 LAR DME VOR PARAMETROS 28.jpg,2023,CBA
189,LAR,VOR,2023.03.25 LAR VOR LH28.jpg,2023,CBA
190,LAR,VOR,2023.03.25 LAR VOR PARAMETROS I 23.jpg,2023,CBA
191,LYE,VOR,2023.01.01 LYE VOR INFORMACION PENDIENTE,2023,EZE
192,MDP,ILS,2023.01.01 MDP ILS INFORMACION PENDIENTE,2023,EZE
193,MDP,VOR,2023.01.01 MDP VOR INFORMACION PENDIENTE,2023,EZE
194,MJZ,VOR,2023.01.18 MJZ VOR LH20.pdf,2023,CBA
195,MJZ,VOR,2023.01.18 MJZ VOR PARAMETROS I 19.pdf,2023,CBA
196,MJZ,VOR,2023.02.07 MJZ VOR LH21.pdf,2023,CBA
197,MJZ,VOR,2023.03.08 MJZ VOR LH22.pdf,2023,CBA
198,MJZ,VOR,2023.03.08 MJZ VOR PARAMETROS I 21.pdf,2023,CBA
199,MLG,VOR,2023.01.09 MLG VOR LH46.pdf,2023,DOZ
200,MLG,VOR,2023.01.18 MLG VOR LH47.pdf,2023,DOZ
201,MLG,VOR,2023.01.25 MLG VOR LH48.pdf,2023,DOZ
202,MLG,VOR,2023.01.27 MLG VOR PARAMETROS II 10.pdf,2023,DOZ
203,MLG,VOR,2023.02.01 MLG VOR LH49.pdf,2023,DOZ
204,MLG,VOR,2023.02.08 MLG VOR LH50.pdf,2023,DOZ
205,MLG,VOR,2023.02.15 MLG VOR LH51.pdf,2023,DOZ
206,MLG,VOR,2023.02.22 MLG VOR LH52.pdf,2023,DOZ
207,MLG,VOR,2023.02.27 MLG VOR LH53.pdf,2023,DOZ
208,NEU,ILS,2023.01.06 NEU ILS LH22.pdf,2023,EZE
209,NEU,ILS,2023.01.10 NEU ILS LH23.pdf,2023,EZE
210,NEU,ILS,2023.01.31 NEU DME ILS PARAMETROS 33.pdf,2023,EZE
211,NEU,ILS,2023.01.31 NEU ILS PARAMETROS 24.pdf,2023,EZE
212,NEU,ILS,2023.02.03 NEU ILS LH24.pdf,2023,EZE
213,NEU,ILS,2023.02.28 NEU DME ILS PARAMETROS 34.pdf,2023,EZE
214,NEU,ILS,2023.02.28 NEU ILS PARAMETROS 25.pdf,2023,EZE
215,NEU,VOR,2023.01.06 NEU VOR LH43.pdf,2023,EZE
216,NEU,VOR,2023.02.03 NEU VOR LH44.pdf,2023,EZE
217,NIN,VOR,2023.01.01 NIN VOR INFORMACION PENDIENTE,2023,EZE
218,OEL,VOR,2023.01.08 OEL VOR LH24.pdf,2023,EZE
219,OEL,VOR,2023.01.11 OEL VOR PARAMETROS I 19.pdf,2023,EZE
220,OEL,VOR,2023.01.11 OEL VOR PARAMETROS II 06.pdf,2023,EZE
221,OEL,VOR,2023.02.01 OEL VOR LH47.jpeg,2023,EZE
222,OSA,ILS,2023.02.09 OSA ILS LH15.pdf,2023,EZE
223,OSA,ILS,2023.02.09 OSA ILS PARAMETROS 15.pdf,2023,EZE
224,OSA,VOR,2023.02.24 OSA VOR LH23.jpg,2023,EZE
225,PAL,ILS,2023.01.01 PAL ILS INFORMACION PENDIENTE,2023,EZE
226,PAL,VOR,2023.01.01 PAL VOR INFORMACION PENDIENTE,2023,EZE
227,PAR,ILS,2023.01.01 PAR ILS INFORMACION PENDIENTE,2023,EZE
228,PAR,VOR,2023.01.01 PAR VOR INFORMACION PENDIENTE,2023,EZE
229,POS,ILS,2023.01.21 POS DME ILS PARAMETROS 19.pdf,2023,SIS
230,POS,ILS,2023.01.21 POS ILS PARAMETROS 19.pdf,2023,SIS
231,POS,ILS,2023.01.22 POS ILS LH28.pdf,2023,SIS
232,POS,VOR,2023.01.26 POS VOR LH20.pdf,2023,SIS
233,POS,VOR,2023.01.28 POS VOR LH21.pdf,2023,SIS
234,PTA,VOR,2023.01.01 PTA VOR INFORMACION PENDIENTE,2023,EZE
235,PTM,NDB,2023.01.01 PTM NDB INFORMACION PENDIENTE,2023,EZE
236,ROS,ILS,2023.01.01 ROS ILS INFORMACION PENDIENTE,2023,EZE
237,ROS,VOR,2023.01.01 ROS VOR INFORMACION PENDIENTE,2023,EZE
238,RTA,VOR,2023.01.11 RTA VOR LH18.pdf,2023,SIS
239,RTA,VOR,2023.01.11 RTA VOR PARAMETROS II 06.pdf,2023,SIS
240,RYD,ILS,2023.01.03 RYD ILS LH28.pdf,2023,DOZ
241,RYD,ILS,2023.01.06 RYD ILS LH29.pdf,2023,DOZ
242,RYD,ILS,2023.01.09 RYD ILS LH30.pdf,2023,DOZ
243,RYD,ILS,2023.01.10 RYD ILS LH31.pdf,2023,DOZ
244,RYD,ILS,2023.02.08 RYD ILS LH32.pdf,2023,DOZ
245,RYD,VOR,2023.01.03 RYD VOR LH15.pdf,2023,DOZ
246,RYD,VOR,2023.01.06 RYD DME VOR PARAMETROS 18.pdf,2023,DOZ
247,RYD,VOR,2023.01.06 RYD VOR LH16.pdf,2023,DOZ
248,RYD,VOR,2023.01.06 RYD VOR PARAMETROS I 18.pdf,2023,DOZ
249,RYD,VOR,2023.01.06 RYD VOR PARAMETROS II 06.pdf,2023,DOZ
250,RYD,VOR,2023.02.08 RYD DME VOR PARAMETROS 19.pdf,2023,DOZ
251,RYD,VOR,2023.02.08 RYD VOR LH17.pdf,2023,DOZ
252,RYD,VOR,2023.02.08 RYD VOR PARAMETROS I 19.pdf,2023,DOZ
253,RYD,VOR,2023.02.14 RYD VOR LH18.pdf,2023,DOZ
254,RYD,VOR,2023.02.17 RYD VOR LH19.pdf,2023,DOZ
255,SAL,ILS,2023.01.16 SAL ILS LH57.pdf,2023,CBA
256,SAL,ILS,2023.01.23 SAL ILS LH58.pdf,2023,CBA
257,SAL,ILS,2023.01.23 SAL ILS LH59.pdf,2023,CBA
258,SAL,ILS,2023.01.25 SAL DME ILS PARAMETROS 01.pdf,2023,CBA
259,SAL,ILS,2023.01.25 SAL ILS LH60.pdf,2023,CBA
260,SAL,ILS,2023.01.25 SAL ILS LH61.pdf,2023,CBA
261,SAL,ILS,2023.01.25 SAL ILS PARAMETROS 17.pdf,2023,CBA
262,SAL,ILS,2023.02 SAL ILS LH64.pdf,2023,CBA
263,SAL,ILS,2023.02 SAL ILS LH65.pdf,2023,CBA
264,SAL,ILS,2023.02.14 SAL ILS LH62.pdf,2023,CBA
265,SAL,ILS,2023.02.18 SAL ILS LH63.pdf,2023,CBA
266,SAL,ILS,2023.02.18 SAL ILS PARAMETROS 18.pdf,2023,CBA
267,SAL,ILS,2023.02.22 SAL DME ILS PARAMETROS 02.pdf,2023,CBA
268,SAL,ILS,2023.02.22 SAL ILS LH66.pdf,2023,CBA
269,SAL,ILS,2023.03.20 SAL DME ILS PARAMETROS 03.pdf,2023,CBA
270,SAL,ILS,2023.03.20 SAL ILS LH68.pdf,2023,CBA
271,SAL,ILS,2023.03.20 SAL ILS PARAMETROS 19.pdf,2023,CBA
272,SAL,LI,2023.01.20 SAL LI LH1588.pdf,2023,CBA
273,SAL,LI,2023.01.20 SAL LI PARAMETROS A7.pdf,2023,CBA
274,SAL,LI,2023.02.10 SAL LI LH1589.pdf,2023,CBA
275,SAL,LI,2023.02.22 SAL LI LH1590.pdf,2023,CBA
276,SAL,LI,2023.02.22 SAL LI PARAMETROS AVII.pdf,2023,CBA
277,SAL,LI,2023.03.23 SAL LI LH1591.pdf,2023,CBA
278,SAL,LI,2023.03.23 SAL LI PARAMETROS A7.pdf,2023,CBA
279,SAL,VOR,2023.01.18 SAL DME VOR PARAMETROS A6.pdf,2023,CBA
280,SAL,VOR,2023.01.18 SAL VOR LH35.pdf,2023,CBA
281,SAL,VOR,2023.01.18 SAL VOR PARAMETROS I 19.pdf,2023,CBA
282,SAL,VOR,2023.01.18 SAL VOR PARAMETROS II 06.pdf,2023,CBA
283,SAL,VOR,2023.02.07 SAL VOR PARAMETRO I 20.pdf,2023,CBA
284,SAL,VOR,2023.02.07 SAL VOR PARAMETROS II 06.pdf,2023,CBA
285,SAL,VOR,2023.02.14 SAL VOR LH36.pdf,2023,CBA
286,SAL,VOR,2023.02.18 SAL VOR LH37.pdf,2023,CBA
287,SAL,VOR,2023.02.18 SAL VOR PARAMETROS I 20.pdf,2023,CBA
288,SAL,VOR,2023.02.18 SAL VOR PARAMETROS II 07.pdf,2023,CBA
289,SAL,VOR,2023.02.22 SAL DME VOR PARAMETROS AVI.pdf,2023,CBA
290,SAL,VOR,2023.02.22 SAL VOR LH38.pdf,2023,CBA
291,SAL,VOR,2023.03.31 SAL DME VOR PARAMETROS A6.1.pdf,2023,CBA
292,SAL,VOR,2023.03.31 SAL VOR LH39.pdf,2023,CBA
293,SAL,VOR,2023.03.31 SAL VOR PARAMETROS I 21.pdf,2023,CBA
294,SDE,VOR,2023.01.11 SDE VOR LH23.pdf,2023,CBA
295,SDE,VOR,2023.01.11 SDE VOR PARAMETROS I 20.pdf,2023,CBA
296,SDE,VOR,2023.02.15 SDE VOR LH24.pdf,2023,CBA
297,SDE,VOR,2023.02.15 SDE VOR PARAMETROS I 21.pdf,2023,CBA
298,SDE,VOR,2023.03.22 SDE VOR PARAMETRO I 22.jpg,2023,CBA
299,SDE,VOR,2023.03.23 SDE VOR LH25.jpg,2023,CBA
300,SIS,ILS,2023.01.12 SIS ILS LH15.pdf,2023,SIS
301,SIS,ILS,2023.01.12 SIS ILS PARAMETROS 15.pdf,2023,SIS
302,SIS,VOR,2023.01.12 SIS DME VOR PARAMETROS 17.pdf,2023,SIS
303,SIS,VOR,2023.01.12 SIS VOR LH24.pdf,2023,SIS
304,SIS,VOR,2023.01.12 SIS VOR PARAMETROS I 17.pdf,2023,SIS
305,SIS,VOR,2023.01.12 SIS VOR PARAMETROS II 06.pdf,2023,SIS
306,SJU,VOR,2023.01.26 SJU DME VOR PARAMETROS SN.jfif,2023,CRV
307,SJU,VOR,2023.01.26 SJU VOR PARAMETROS I 18.jfif,2023,CRV
308,SJU,VOR,2023.02.23 SJU DME VOR PARAMETROS 19.jfif,2023,CRV
309,SJU,VOR,2023.02.23 SJU VOR PARAMETROS I 19.jfif,2023,CRV
310,SJU,VOR,2023.03.29 SJU DME VOR PARAMETROS 20.jpg,2023,CRV
311,SJU,VOR,2023.03.29 SJU VOR LH22.jpg,2023,CRV
312,SJU,VOR,2023.03.29 SJU VOR PARAMETROS I 20.jpg,2023,CRV
313,SJU,VOR,2023.03.29 SJU VOR PARAMETROS II 07.jpg,2023,CRV
314,SNT,VOR,2023.01.01 SNT VOR INFORMACION PENDIENTE,2023,EZE
315,SRA,VOR,2023.01.05 SRA VOR LH54.pdf,2023,DOZ
316,SRA,VOR,2023.01.12 SRA VOR LH55.pdf,2023,DOZ
317,SRA,VOR,2023.01.17 SRA VOR LH56.pdf,2023,DOZ
318,SRA,VOR,2023.01.20 SRA VOR LH57.pdf,2023,DOZ
319,SRA,VOR,2023.01.25 SRA VOR LH58.pdf,2023,DOZ
320,SRA,VOR,2023.02.06 SRA VOR LH59.pdf,2023,DOZ
321,SRA,VOR,2023.02.07 SRA VOR LH60.pdf,2023,DOZ
322,SRA,VOR,2023.02.07 SRA VOR LH61.pdf,2023,DOZ
323,SRA,VOR,2023.02.08 SRA VOR LH62.pdf,2023,DOZ
324,SRA,VOR,2023.02.09 SRA VOR LH63.pdf,2023,DOZ
325,SRA,VOR,2023.02.09 SRA VOR LH64.pdf,2023,DOZ
326,SRA,VOR,2023.02.10 SRA VOR LH65.pdf,2023,DOZ
327,SRA,VOR,2023.02.10 SRA VOR LH66.pdf,2023,DOZ
328,SRA,VOR,2023.02.23 SRA VOR LH67.pdf,2023,DOZ
329,SRA,VOR,2023.02.28 SRA VOR PARAMETROS II 13.pdf,2023,DOZ
330,SRA,VOR,2023.02.28 SRA VOR PARAMETROS II GCHECK.pdf,2023,DOZ
331,SRA,VOR,2023.02.28 SRA VOR PARAMETROS II TX1.pdf,2023,DOZ
332,SRA,VOR,2023.02.28 SRA VOR PARAMETROS II TX2.pdf,2023,DOZ
333,SVO,ILS,2023.01.01 SVO ILS INFORMACION PENDIENTE,2023,EZE
334,SVO,NDB,2023.01.01 SVO NDB INFORMACION PENDIENTE,2023,EZE
335,TRC,ILS,2023.01.06 TRC DME ILS PARAMETROS 18.pdf,2023,CBA
336,TRC,ILS,2023.01.06 TRC ILS LH22.pdf,2023,CBA
337,TRC,ILS,2023.01.06 TRC ILS PARAMETROS 18.pdf,2023,CBA
338,TRC,ILS,2023.01.25 TRC ILS LH23.pdf,2023,CBA
339,TRC,ILS,2023.02.28 TRC ILS LH24.jpg,2023,CBA
340,TRC,ILS,2023.03.30 TRC ILS LH01.jpg,2023,CBA
341,TRC,VOR,2023.01.07 TRC VOR LH1292.pdf,2023,CBA
342,TRC,VOR,2023.01.24 TRC VOR LH1293.pdf,2023,CBA
343,TRC,VOR,2023.01.25 TRC DME VOR PARAMETROS 22.pdf,2023,CBA
344,TRC,VOR,2023.01.25 TRC VOR PARAMETROS I 24.pdf,2023,CBA
345,TRC,VOR,2023.02.24 TRC VOR LH1294.jpg,2023,CBA
346,TRC,VOR,2023.02.28 TRC VOR LH1295.jpg,2023,CBA
347,TRC,VOR,2023.03.07 TRC VOR PARAMETROS II 02.jpg,2023,CBA
348,TRC,VOR,2023.03.26 TRC VOR LH1297.jpg,2023,CBA
349,TRE,ILS,2023.02.15 TRE ILS LH25.jpg,2023,CRV
350,TRE,ILS,2023.03.19 TRE ILS LH26.jpg,2023,CRV
351,TRE,VOR,2023.02.03 TRE VOR LH42.jpg,2023,CRV
352,TRE,VOR,2023.02.08 TRE VOR LH43.jpg,2023,CRV
353,TRE,VOR,2023.02.27 TRE VOR LH45.jpg,2023,CRV
354,TRH,ILS,2023.01.12 TRH DME ILS PARAMETROS 08.pdf,2023,CBA
355,TRH,ILS,2023.01.12 TRH ILS LH01.pdf,2023,CBA
356,TRH,ILS,2023.01.12 TRH ILS PARAMETROS 10.pdf,2023,CBA
357,TRH,ILS,2023.02.16 TRH DME ILS PARAMETROS 09.pdf,2023,CBA
358,TRH,ILS,2023.02.16 TRH ILS LH02.pdf,2023,CBA
359,TRH,ILS,2023.02.16 TRH ILS PARAMETROS 11.pdf,2023,CBA
360,TRH,ILS,2023.03.17 TRH DME ILS PARAMETROS 10.pdf,2023,CBA
361,TRH,ILS,2023.03.17 TRH ILS LH03.pdf,2023,CBA
362,TRH,ILS,2023.03.17 TRH ILS PARAMETROS 12.pdf,2023,CBA
363,TRH,VOR,2023.01.12 TRH DME VOR PARAMETROS 19.pdf,2023,CBA
364,TRH,VOR,2023.01.12 TRH VOR LH20.pdf,2023,CBA
365,TRH,VOR,2023.01.12 TRH VOR PARAMETROS I 19.pdf,2023,CBA
366,TRH,VOR,2023.01.12 TRH VOR PARAMETROS II 06.pdf,2023,CBA
367,TRH,VOR,2023.02.16 TRH DME VOR PARAMETROS 20.pdf,2023,CBA
368,TRH,VOR,2023.02.16 TRH VOR LH21.pdf,2023,CBA
369,TRH,VOR,2023.03.16 TRH DME VOR PARAMETROS 21.pdf,2023,CBA
370,TRH,VOR,2023.03.16 TRH VOR LH22.pdf,2023,CBA
371,TRH,VOR,2023.03.16 TRH VOR PARAMETROS I 21.pdf,2023,CBA
372,TUC,ILS,2023.01.11 TUC ILS LH26.jpg,2023,CBA
373,TUC,ILS,2023.01.24 TUC ILS LH27.jpg,2023,CBA
374,TUC,ILS,2023.01.28 TUC ILS LH28.jpg,2023,CBA
375,TUC,ILS,2023.01.31 TUC ILS LH29.jpg,2023,CBA
376,TUC,ILS,2023.02.02 TUC ILS PARAMETROS 24.pdf,2023,CBA
377,TUC,ILS,2023.02.07 TUC ILS LH30.jpg,2023,CBA
378,TUC,ILS,2023.02.17 TUC DME ILS PARAMETROS 23.pdf,2023,CBA
379,TUC,ILS,2023.02.17 TUC ILS LH31.jpg,2023,CBA
380,TUC,ILS,2023.02.17 TUC ILS PARAMETROS 25.pdf,2023,CBA
381,TUC,ILS,2023.03.13 TUC ILS LH32.jpg,2023,CBA
382,TUC,ILS,2023.03.18 TUC ILS LH33.jpg,2023,CBA
383,TUC,ILS,2023.03.29 TUC DME ILS PARAMETROS 24.pdf,2023,CBA
384,TUC,ILS,2023.03.29 TUC ILS PARAMETROS 26.pdf,2023,CBA
385,TUC,VOR,2023.01.01 TUC DME VOR PARAMETROS 22.pdf,2023,CBA
386,TUC,VOR,2023.01.01 TUC VOR PARAMETROS I 22.pdf,2023,CBA
387,TUC,VOR,2023.01.11 TUC VOR LH36.jpg,2023,CBA
388,TUC,VOR,2023.01.24 TUC VOR LH37.jpg,2023,CBA
389,TUC,VOR,2023.01.31 TUC VOR LH38.jpg,2023,CBA
390,TUC,VOR,2023.02.02 TUC DME VOR PARAMETROS 23.pdf,2023,CBA
391,TUC,VOR,2023.02.02 TUC VOR PARAMETRO I 23.pdf,2023,CBA
392,TUC,VOR,2023.02.17 TUC VOR LH39.jpg,2023,CBA
393,TUC,VOR,2023.02.17 TUC VOR PARAMETROS I 24.pdf,2023,CBA
394,TUC,VOR,2023.02.28 TUC VOR LH40.jpg,2023,CBA
395,TUC,VOR,2023.03.17 TUC DME VOR PARAMETROS 24.pdf,2023,CBA
396,TUC,VOR,2023.03.17 TUC VOR LH41.jpg,2023,CBA
397,TUC,VOR,2023.03.17 TUC VOR PARAMETROS I 25.pdf,2023,CBA
398,UIS,VOR,2023.01.05 UIS VOR LH17.pdf,2023,DOZ
399,UIS,VOR,2023.01.12 UIS VOR LH18.pdf,2023,DOZ
400,UIS,VOR,2023.01.19 UIS VOR LH19.pdf,2023,DOZ
401,UIS,VOR,2023.01.30 UIS VOR LH20.pdf,2023,DOZ
402,UIS,VOR,2023.02.06 UIS VOR LH21.pdf,2023,DOZ
403,UIS,VOR,2023.02.13 UIS VOR LH22.pdf,2023,DOZ
404,UIS,VOR,2023.02.20 UIS VOR LH23.pdf,2023,DOZ
405,UIS,VOR,2023.02.28 UIS VOR LH24.pdf,2023,DOZ
406,USH,ILS,2023.02.14 USH ILS LH14.PDF,2023,CRV
407,USH,ILS,2023.03.17 USH ILS LH15.PDF,2023,CRV
408,USH,VOR,2023.01.01 USH VOR INFORMACION PENDIENTE,2023,CRV
409,VIE,LI,2023.01.11 VIE LI LH25.pdf,2023,CRV
410,VIE,LI,2023.03.08 VIE LI LH27.pdf,2023,CRV
411,VIE,VOR,2023.01.19 VIE VOR LH19.pdf,2023,CRV
412,VIE,VOR,2023.01.19 VIE VOR PARAMETROS I 18.pdf,2023,CRV
413,VIE,VOR,2023.01.19 VIE VOR PARAMETROS II 06.pdf,2023,CRV
414,VIE,VOR,2023.02.28 VIE VOR LH20.pdf,2023,CRV
415,VIE,VOR,2023.02.28 VIE VOR PARAMETROS I 19.pdf,2023,CRV
416,VIE,VOR,2023.03.15 VIE VOR LH21.pdf,2023,CRV
417,VIE,VOR,2023.03.15 VIE VOR PARAMETROS I 20.pdf,2023,CRV
418,z.Anexos VIII,23.01,2023.01.01 z.Anexos VIII 23.01 INFORMACION PENDIENTE,2023,CRV
